Description,Volume,N.Calls,Typpe
2019-08-01T00:00:00Z,116483464.7,6,Change of Positions
2019-08-01T00:00:00Z,190054045.5,6,Market Movement
2019-08-02T00:00:00Z,437443724.1,11,Change of Positions
2019-08-02T00:00:00Z,760240989.3,20,Market Movement
2019-08-05T00:00:00Z,110580486.5,5,Change of Positions
2019-08-05T00:00:00Z,415072974.4,12,Market Movement
2019-08-06T00:00:00Z,80860848.24,5,Change of Positions
2019-08-06T00:00:00Z,168770313.8,7,Market Movement
2019-08-07T00:00:00Z,165434648.2,6,Change of Positions
2019-08-07T00:00:00Z,604701608.5,21,Market Movement
2019-08-08T00:00:00Z,356104484.9,4,Change of Positions
2019-08-08T00:00:00Z,1301616830,31,Market Movement
2019-08-09T00:00:00Z,82008930.17,3,Change of Positions
2019-08-09T00:00:00Z,398636520.8,8,Market Movement
2019-08-12T00:00:00Z,125488065.5,5,Change of Positions
2019-08-12T00:00:00Z,191567641.5,7,Market Movement
2019-08-13T00:00:00Z,57783104.62,2,Change of Positions
2019-08-13T00:00:00Z,383497148.5,10,Market Movement
2019-08-14T00:00:00Z,54854129.42,2,Change of Positions
2019-08-14T00:00:00Z,544747188.7,17,Market Movement
2019-08-15T00:00:00Z,176251121.1,7,Change of Positions
2019-08-15T00:00:00Z,455349775.8,15,Market Movement
2019-08-16T00:00:00Z,166905561.6,5,Change of Positions
2019-08-16T00:00:00Z,510051141.1,9,Market Movement
2019-08-19T00:00:00Z,171124921.2,2,Change of Positions
2019-08-19T00:00:00Z,1047728578,26,Market Movement
2019-08-20T00:00:00Z,49371253.16,2,Change of Positions
2019-08-20T00:00:00Z,406561239.8,12,Market Movement
2019-08-21T00:00:00Z,243000000,2,Change of Positions
2019-08-21T00:00:00Z,424561239.2,13,Market Movement
2019-08-22T00:00:00Z,26827393.31,2,Change of Positions
2019-08-22T00:00:00Z,371466985.1,13,Market Movement
2019-08-23T00:00:00Z,42371893.36,3,Change of Positions
2019-08-23T00:00:00Z,319942411.3,15,Market Movement
2019-08-26T00:00:00Z,159383941.3,6,Change of Positions
2019-08-26T00:00:00Z,14500000,1,Market Movement
2019-08-27T00:00:00Z,65356628.24,4,Change of Positions
2019-08-27T00:00:00Z,162186599.4,6,Market Movement
2019-08-28T00:00:00Z,128685825.1,5,Change of Positions
2019-08-28T00:00:00Z,160957321.6,6,Market Movement
2019-08-29T00:00:00Z,112450144.5,4,Change of Positions
2019-08-29T00:00:00Z,560706009.9,11,Market Movement
2019-08-30T00:00:00Z,146542950.3,5,Change of Positions
2019-08-30T00:00:00Z,56000000,3,Market Movement
2019-09-02T00:00:00Z,97500000,5,Change of Positions
2019-09-02T00:00:00Z,58500000,2,Market Movement
2019-09-03T00:00:00Z,120691231.6,3,Change of Positions
2019-09-03T00:00:00Z,147415059,4,Market Movement
2019-09-04T00:00:00Z,95250089.29,5,Change of Positions
2019-09-04T00:00:00Z,1148244621,26,Market Movement
2019-09-05T00:00:00Z,230814975.6,8,Change of Positions
2019-09-05T00:00:00Z,983609661.4,24,Market Movement
2019-09-06T00:00:00Z,76509839.48,4,Change of Positions
2019-09-06T00:00:00Z,136590241.6,5,Market Movement
2019-09-09T00:00:00Z,19579318.18,2,Change of Positions
2019-09-09T00:00:00Z,319375172.2,9,Market Movement
2019-09-10T00:00:00Z,126489130.4,4,Change of Positions
2019-09-10T00:00:00Z,64543478.26,2,Market Movement
2019-09-11T00:00:00Z,204905575.4,6,Change of Positions
2019-09-11T00:00:00Z,343939425.6,7,Market Movement
2019-09-12T00:00:00Z,179233011,7,Change of Positions
2019-09-12T00:00:00Z,554091079.1,17,Market Movement
2019-09-13T00:00:00Z,408449891.9,6,Change of Positions
2019-09-13T00:00:00Z,1474325300,35,Market Movement
2019-09-16T00:00:00Z,94256867.01,4,Change of Positions
2019-09-16T00:00:00Z,130233024.9,4,Market Movement
2019-09-17T00:00:00Z,341125249.4,10,Change of Positions
2019-09-17T00:00:00Z,0,0,Market Movement
2019-09-18T00:00:00Z,191373239.7,5,Change of Positions
2019-09-18T00:00:00Z,154621705.3,6,Market Movement
2019-09-19T00:00:00Z,269335185.7,10,Change of Positions
2019-09-19T00:00:00Z,304956266.4,5,Market Movement
2019-09-20T00:00:00Z,445922937.4,11,Change of Positions
2019-09-20T00:00:00Z,72000000,2,Market Movement
2019-09-23T00:00:00Z,104403533.5,6,Change of Positions
2019-09-23T00:00:00Z,882700413.9,22,Market Movement
2019-09-24T00:00:00Z,129500000,5,Change of Positions
2019-09-25T00:00:00Z,559902724.7,14,Change of Positions
2019-09-25T00:00:00Z,66500000,3,Market Movement
2019-09-26T00:00:00Z,273169318,7,Change of Positions
2019-09-26T00:00:00Z,33356098.01,3,Market Movement
2019-09-27T00:00:00Z,256211705.5,11,Change of Positions
2019-09-27T00:00:00Z,51000000,2,Market Movement
2019-09-30T00:00:00Z,106846634.2,6,Change of Positions
2019-10-01T00:00:00Z,113011194.7,6,Change of Positions
2019-10-01T00:00:00Z,275393191.4,8,Market Movement
2019-10-02T00:00:00Z,156618807,8,Change of Positions
2019-10-02T00:00:00Z,558701373,11,Market Movement
2019-10-03T00:00:00Z,51481599.85,3,Change of Positions
2019-10-03T00:00:00Z,301476678.1,9,Market Movement
2019-10-04T00:00:00Z,124168913.4,5,Change of Positions
2019-10-07T00:00:00Z,62196579.64,3,Change of Positions
2019-10-07T00:00:00Z,272360138.3,3,Market Movement
2019-10-08T00:00:00Z,141249863.5,6,Change of Positions
2019-10-08T00:00:00Z,107781722.2,4,Market Movement
2019-10-09T00:00:00Z,137659958.1,6,Change of Positions
2019-10-09T00:00:00Z,215212048.1,5,Market Movement
2019-10-10T00:00:00Z,290837740.5,4,Change of Positions
2019-10-10T00:00:00Z,614649123.4,14,Market Movement
2019-10-11T00:00:00Z,375174816.6,12,Change of Positions
2019-10-11T00:00:00Z,1072003738,22,Market Movement
2019-10-14T00:00:00Z,86836474.55,3,Change of Positions
2019-10-14T00:00:00Z,85500000,3,Market Movement
2019-10-15T00:00:00Z,385370854.9,8,Change of Positions
2019-10-15T00:00:00Z,520453302.4,8,Market Movement
2019-10-16T00:00:00Z,193500000,5,Change of Positions
2019-10-16T00:00:00Z,32000000,2,Market Movement
2019-10-17T00:00:00Z,182993881,9,Change of Positions
2019-10-17T00:00:00Z,228000000,5,Market Movement
2019-10-18T00:00:00Z,399646082.5,13,Change of Positions
2019-10-18T00:00:00Z,189122316.2,5,Market Movement
2019-10-21T00:00:00Z,401752215.2,11,Change of Positions
2019-10-21T00:00:00Z,372675391.4,10,Market Movement
2019-10-22T00:00:00Z,133469451.9,6,Change of Positions
2019-10-22T00:00:00Z,114551784.8,3,Market Movement
2019-10-23T00:00:00Z,51500000,2,Change of Positions
2019-10-23T00:00:00Z,189106053.5,5,Market Movement
2019-10-24T00:00:00Z,53000000,3,Change of Positions
2019-10-24T00:00:00Z,103334291.9,4,Market Movement
2019-10-25T00:00:00Z,84903664.36,5,Change of Positions
2019-10-25T00:00:00Z,25000000,1,Market Movement
2019-10-28T00:00:00Z,257000000,4,Change of Positions
2019-10-28T00:00:00Z,192695814.9,5,Market Movement
2019-10-29T00:00:00Z,97000000,4,Change of Positions
2019-10-29T00:00:00Z,58000000,2,Market Movement
2019-10-30T00:00:00Z,178867188.9,7,Change of Positions
2019-10-31T00:00:00Z,53844629.73,4,Change of Positions
2019-10-31T00:00:00Z,315056538,9,Market Movement
2019-11-01T00:00:00Z,254659439.8,8,Change of Positions
2019-11-01T00:00:00Z,33506059.79,2,Market Movement
2019-11-04T00:00:00Z,343794636.6,7,Change of Positions
2019-11-04T00:00:00Z,552500000,11,Market Movement
2019-11-05T00:00:00Z,590121352.4,6,Change of Positions
2019-11-05T00:00:00Z,47000000,2,Market Movement
2019-11-06T00:00:00Z,573838142.5,7,Change of Positions
2019-11-07T00:00:00Z,73326258.79,5,Change of Positions
2019-11-07T00:00:00Z,875032499.8,12,Market Movement
2019-11-08T00:00:00Z,144884634.4,7,Change of Positions
2019-11-08T00:00:00Z,64501903.21,2,Market Movement
2019-11-11T00:00:00Z,26500000,2,Change of Positions
2019-11-11T00:00:00Z,18500000,1,Market Movement
2019-11-12T00:00:00Z,77418293.24,2,Change of Positions
2019-11-13T00:00:00Z,706790114.5,14,Change of Positions
2019-11-13T00:00:00Z,260444186.4,8,Market Movement
2019-11-14T00:00:00Z,342715422.4,8,Change of Positions
2019-11-14T00:00:00Z,130092998.4,3,Market Movement
2019-11-15T00:00:00Z,553000000,8,Change of Positions
2019-11-15T00:00:00Z,124000000,2,Market Movement
2019-11-18T00:00:00Z,313388527.3,5,Change of Positions
2019-11-19T00:00:00Z,88478649.45,2,Change of Positions
2019-11-19T00:00:00Z,242500000,4,Market Movement
2019-11-20T00:00:00Z,181000000,6,Change of Positions
2019-11-20T00:00:00Z,133500000,3,Market Movement
2019-11-21T00:00:00Z,180009463.1,5,Change of Positions
2019-11-21T00:00:00Z,55450365.16,2,Market Movement
2019-11-22T00:00:00Z,132500000,6,Change of Positions
2019-11-22T00:00:00Z,153860058.2,5,Market Movement
2019-11-25T00:00:00Z,50000000,1,Change of Positions
2019-11-25T00:00:00Z,20000000,1,Market Movement
2019-11-26T00:00:00Z,70000000,2,Change of Positions
2019-11-27T00:00:00Z,287333908.6,5,Change of Positions
2019-11-27T00:00:00Z,20500000,1,Market Movement
2019-11-28T00:00:00Z,17000000,1,Change of Positions
2019-11-29T00:00:00Z,229211619,8,Change of Positions
2019-11-29T00:00:00Z,103915042.8,3,Market Movement
2019-12-02T00:00:00Z,586540642.3,13,Change of Positions
2019-12-02T00:00:00Z,938473691.4,22,Market Movement
2019-12-03T00:00:00Z,153161954.7,7,Change of Positions
2019-12-03T00:00:00Z,721751250.6,17,Market Movement
2019-12-04T00:00:00Z,193243702.1,3,Change of Positions
2019-12-04T00:00:00Z,599960472.6,8,Market Movement
2019-12-05T00:00:00Z,68724986.48,4,Change of Positions
2019-12-05T00:00:00Z,55816657.65,3,Market Movement
2019-12-06T00:00:00Z,43520822.07,3,Change of Positions
2019-12-06T00:00:00Z,291820954.9,6,Market Movement
2019-12-09T00:00:00Z,37500000,1,Market Movement
2019-12-10T00:00:00Z,206965017.6,7,Change of Positions
2019-12-10T00:00:00Z,174000000,7,Market Movement
2019-12-11T00:00:00Z,160830699.8,6,Change of Positions
2019-12-11T00:00:00Z,121786681.7,4,Market Movement
2019-12-12T00:00:00Z,246000000,5,Change of Positions
2019-12-12T00:00:00Z,212397249.4,10,Market Movement
2019-12-13T00:00:00Z,682291748.7,13,Change of Positions
2019-12-13T00:00:00Z,674350749.3,11,Market Movement
2019-12-16T00:00:00Z,677572492.4,7,Change of Positions
2019-12-16T00:00:00Z,390252108.4,6,Market Movement
2019-12-17T00:00:00Z,188126142.3,10,Change of Positions
2019-12-17T00:00:00Z,85000000,4,Market Movement
2019-12-18T00:00:00Z,393794646.9,6,Change of Positions
2019-12-18T00:00:00Z,63427800.27,3,Market Movement
2019-12-19T00:00:00Z,394431051.5,11,Change of Positions
2019-12-19T00:00:00Z,48000000,3,Market Movement
2019-12-20T00:00:00Z,490319455.7,8,Change of Positions
2019-12-23T00:00:00Z,108000000,2,Change of Positions
2019-12-23T00:00:00Z,79189616.25,2,Market Movement
2019-12-24T00:00:00Z,34500000,1,Change of Positions
2019-12-30T00:00:00Z,397515995.3,20,Market Movement
2020-01-02T00:00:00Z,579704458.1,8,Change of Positions
2020-01-02T00:00:00Z,1041783525,18,Market Movement
2020-01-03T00:00:00Z,89713779.49,7,Change of Positions
2020-01-03T00:00:00Z,504214022.1,13,Market Movement
2020-01-06T00:00:00Z,114560032.2,6,Change of Positions
2020-01-06T00:00:00Z,235285714.3,8,Market Movement
2020-01-07T00:00:00Z,257793591.1,13,Change of Positions
2020-01-07T00:00:00Z,147000000,4,Market Movement
2020-01-08T00:00:00Z,233897885.7,7,Change of Positions
2020-01-08T00:00:00Z,81500000,3,Market Movement
2020-01-09T00:00:00Z,96202070.21,5,Change of Positions
2020-01-09T00:00:00Z,271526152.1,8,Market Movement
2020-01-10T00:00:00Z,134737084.1,5,Change of Positions
2020-01-13T00:00:00Z,72668703.94,3,Change of Positions
2020-01-13T00:00:00Z,209096440.8,7,Market Movement
2020-01-14T00:00:00Z,179436844.1,7,Change of Positions
2020-01-14T00:00:00Z,38500000,1,Market Movement
2020-01-15T00:00:00Z,127351642.4,5,Change of Positions
2020-01-15T00:00:00Z,156417050.4,6,Market Movement
2020-01-16T00:00:00Z,304461232,5,Change of Positions
2020-01-17T00:00:00Z,171104789.3,8,Change of Positions
2020-01-17T00:00:00Z,87978651.52,5,Market Movement
2020-01-20T00:00:00Z,68500000,5,Change of Positions
2020-01-21T00:00:00Z,61746063.88,4,Change of Positions
2020-01-21T00:00:00Z,253239541.2,6,Market Movement
2020-01-22T00:00:00Z,112000000,2,Change of Positions
2020-01-22T00:00:00Z,31000000,2,Market Movement
2020-01-23T00:00:00Z,130000000,4,Change of Positions
2020-01-23T00:00:00Z,276474168.2,9,Market Movement
2020-01-24T00:00:00Z,229342093.3,11,Change of Positions
2020-01-24T00:00:00Z,888500000,11,Market Movement
2020-01-27T00:00:00Z,131101717.8,8,Change of Positions
2020-01-27T00:00:00Z,1648082411,35,Market Movement
2020-01-28T00:00:00Z,76221490.23,5,Change of Positions
2020-01-28T00:00:00Z,383516848.3,13,Market Movement
2020-01-29T00:00:00Z,67000000,2,Change of Positions
2020-01-29T00:00:00Z,69500000,2,Market Movement
2020-01-30T00:00:00Z,200593707.5,4,Change of Positions
2020-01-30T00:00:00Z,307000000,8,Market Movement
2020-01-31T00:00:00Z,221630112.2,6,Change of Positions
2020-01-31T00:00:00Z,138292616.7,4,Market Movement
2020-02-03T00:00:00Z,72628411.35,5,Change of Positions
2020-02-03T00:00:00Z,16000000,1,Market Movement
2020-02-04T00:00:00Z,85745112.24,5,Change of Positions
2020-02-04T00:00:00Z,857836712.5,15,Market Movement
2020-02-05T00:00:00Z,54777329.22,3,Change of Positions
2020-02-05T00:00:00Z,1154725658,27,Market Movement
2020-02-06T00:00:00Z,50500000,3,Change of Positions
2020-02-06T00:00:00Z,151406116.5,4,Market Movement
2020-02-07T00:00:00Z,55500000,3,Change of Positions
2020-02-07T00:00:00Z,134000000,4,Market Movement
2020-02-10T00:00:00Z,25500000,2,Change of Positions
2020-02-11T00:00:00Z,65049490.87,5,Change of Positions
2020-02-11T00:00:00Z,516812177.7,8,Market Movement
2020-02-12T00:00:00Z,204000000,9,Change of Positions
2020-02-12T00:00:00Z,189821229.5,7,Market Movement
2020-02-13T00:00:00Z,241500000,7,Change of Positions
2020-02-13T00:00:00Z,371422931.8,6,Market Movement
2020-02-14T00:00:00Z,92000000,3,Change of Positions
2020-02-17T00:00:00Z,31000000,2,Change of Positions
2020-02-17T00:00:00Z,13000000,1,Market Movement
2020-02-18T00:00:00Z,81151627.22,4,Change of Positions
2020-02-18T00:00:00Z,118000000,2,Market Movement
2020-02-19T00:00:00Z,123185185.2,8,Change of Positions
2020-02-19T00:00:00Z,115925925.9,5,Market Movement
2020-02-20T00:00:00Z,175786376.3,5,Change of Positions
2020-02-20T00:00:00Z,115500000,3,Market Movement
2020-02-21T00:00:00Z,657455372.7,14,Change of Positions
2020-02-21T00:00:00Z,452458892.7,8,Market Movement
2020-02-24T00:00:00Z,625611965.7,21,Change of Positions
2020-02-24T00:00:00Z,1658748276,23,Market Movement
2020-02-25T00:00:00Z,517699262,16,Change of Positions
2020-02-25T00:00:00Z,374387453.9,7,Market Movement
2020-02-26T00:00:00Z,333178160.9,11,Change of Positions
2020-02-26T00:00:00Z,804644778.9,17,Market Movement
2020-02-27T00:00:00Z,697645860.9,21,Change of Positions
2020-02-27T00:00:00Z,1806361547,33,Market Movement
2020-02-28T00:00:00Z,378337751.7,13,Change of Positions
2020-02-28T00:00:00Z,3210502617,38,Market Movement
2020-03-02T00:00:00Z,572536324.4,13,Change of Positions
2020-03-02T00:00:00Z,1014253665,21,Market Movement
2020-03-03T00:00:00Z,289548683.2,12,Change of Positions
2020-03-03T00:00:00Z,946150958.5,25,Market Movement
2020-03-04T00:00:00Z,269363302.8,13,Change of Positions
2020-03-04T00:00:00Z,355484053.1,11,Market Movement
2020-03-05T00:00:00Z,500399105.9,12,Change of Positions
2020-03-05T00:00:00Z,598601680.5,11,Market Movement
2020-03-06T00:00:00Z,490534580.1,13,Change of Positions
2020-03-06T00:00:00Z,2377500000,37,Market Movement
2020-03-09T00:00:00Z,674802374.3,13,Change of Positions
2020-03-09T00:00:00Z,6766767031,72,Market Movement
2020-03-10T00:00:00Z,779313871.8,15,Change of Positions
2020-03-10T00:00:00Z,2649225229,48,Market Movement
2020-03-11T00:00:00Z,1477435780,20,Change of Positions
2020-03-11T00:00:00Z,1151887933,23,Market Movement
2020-03-12T00:00:00Z,1360686833,11,Change of Positions
2020-03-12T00:00:00Z,10667015314,83,Market Movement
2020-03-13T00:00:00Z,2243076369,22,Change of Positions
2020-03-13T00:00:00Z,5427711470,61,Market Movement
2020-03-16T00:00:00Z,977771354.3,11,Change of Positions
2020-03-16T00:00:00Z,8711008488,57,Market Movement
2020-03-17T00:00:00Z,1175271899,16,Change of Positions
2020-03-17T00:00:00Z,2650147150,27,Market Movement
2020-03-18T00:00:00Z,324292665.1,5,Change of Positions
2020-03-18T00:00:00Z,7080024282,68,Market Movement
2020-03-19T00:00:00Z,192574761.6,5,Change of Positions
2020-03-19T00:00:00Z,2644475395,44,Market Movement
2020-03-20T00:00:00Z,804944148.7,13,Change of Positions
2020-03-20T00:00:00Z,2857198563,44,Market Movement
2020-03-23T00:00:00Z,607689234.2,13,Change of Positions
2020-03-23T00:00:00Z,1200640035,14,Market Movement
2020-03-24T00:00:00Z,275891589,9,Change of Positions
2020-03-24T00:00:00Z,2902663314,41,Market Movement
2020-03-25T00:00:00Z,1002910409,10,Change of Positions
2020-03-25T00:00:00Z,2502605363,22,Market Movement
2020-03-26T00:00:00Z,1157499499,14,Change of Positions
2020-03-26T00:00:00Z,1131581231,20,Market Movement
2020-03-27T00:00:00Z,683479138.2,11,Change of Positions
2020-03-27T00:00:00Z,2639084913,30,Market Movement
2020-03-30T00:00:00Z,902070328.1,9,Change of Positions
2020-03-30T00:00:00Z,835936287.8,15,Market Movement
2020-03-31T00:00:00Z,423889010.6,6,Change of Positions
2020-03-31T00:00:00Z,1226469790,20,Market Movement
2020-04-01T00:00:00Z,458555596.2,7,Change of Positions
2020-04-01T00:00:00Z,2230112407,16,Market Movement
2020-04-02T00:00:00Z,359758573.3,7,Change of Positions
2020-04-02T00:00:00Z,57853831.19,5,Market Movement
2020-04-03T00:00:00Z,69052155.77,2,Change of Positions
2020-04-06T00:00:00Z,46000000,2,Change of Positions
2020-04-06T00:00:00Z,2707217635,25,Market Movement
2020-04-07T00:00:00Z,437104731.3,6,Change of Positions
2020-04-07T00:00:00Z,2405318735,30,Market Movement
2020-04-08T00:00:00Z,941010895.3,17,Change of Positions
2020-04-08T00:00:00Z,111000000,2,Market Movement
2020-04-09T00:00:00Z,1061768979,12,Change of Positions
2020-04-09T00:00:00Z,533615487.3,11,Market Movement
2020-04-14T00:00:00Z,531377041,12,Change of Positions
2020-04-14T00:00:00Z,660138009.7,12,Market Movement
2020-04-15T00:00:00Z,617139869.8,11,Change of Positions
2020-04-15T00:00:00Z,955871778.4,14,Market Movement
2020-04-16T00:00:00Z,262402041.2,9,Change of Positions
2020-04-16T00:00:00Z,258500000,6,Market Movement
2020-04-17T00:00:00Z,759442296.3,16,Change of Positions
2020-04-17T00:00:00Z,1705056329,19,Market Movement
2020-04-20T00:00:00Z,455390716.2,9,Change of Positions
2020-04-20T00:00:00Z,160520271,3,Market Movement
2020-04-21T00:00:00Z,227519332.3,6,Change of Positions
2020-04-21T00:00:00Z,497727738.3,8,Market Movement
2020-04-22T00:00:00Z,199323102.9,11,Change of Positions
2020-04-22T00:00:00Z,472596484.8,10,Market Movement
2020-04-23T00:00:00Z,522235990.9,11,Change of Positions
2020-04-23T00:00:00Z,42000000,2,Market Movement
2020-04-24T00:00:00Z,425407407.4,7,Change of Positions
2020-04-24T00:00:00Z,202796296.3,5,Market Movement
2020-04-27T00:00:00Z,584665868,10,Change of Positions
2020-04-27T00:00:00Z,758180970,11,Market Movement
2020-04-28T00:00:00Z,181330881.7,7,Change of Positions
2020-04-28T00:00:00Z,708500000,14,Market Movement
2020-04-29T00:00:00Z,281460804.8,9,Change of Positions
2020-04-29T00:00:00Z,1047377421,11,Market Movement
2020-04-30T00:00:00Z,548631114.4,15,Change of Positions
2020-04-30T00:00:00Z,762518573,12,Market Movement
2020-05-04T00:00:00Z,115197324.1,5,Change of Positions
2020-05-04T00:00:00Z,1173506996,10,Market Movement
2020-05-05T00:00:00Z,314062833.8,8,Change of Positions
2020-05-05T00:00:00Z,1571489181,17,Market Movement
2020-05-06T00:00:00Z,410724461.3,7,Change of Positions
2020-05-06T00:00:00Z,187937911,5,Market Movement
2020-05-07T00:00:00Z,176656635.4,7,Change of Positions
2020-05-07T00:00:00Z,234189789.5,4,Market Movement
2020-05-08T00:00:00Z,62556349.72,4,Change of Positions
2020-05-08T00:00:00Z,19828460.76,1,Market Movement
2020-05-11T00:00:00Z,326755358.5,5,Change of Positions
2020-05-11T00:00:00Z,116383961.6,4,Market Movement
2020-05-12T00:00:00Z,290994474.1,9,Change of Positions
2020-05-13T00:00:00Z,79948275.86,5,Change of Positions
2020-05-13T00:00:00Z,420132183.9,5,Market Movement
2020-05-14T00:00:00Z,485346553,8,Change of Positions
2020-05-14T00:00:00Z,443973313.6,4,Market Movement
2020-05-15T00:00:00Z,251270235.2,9,Change of Positions
2020-05-15T00:00:00Z,67731006.43,3,Market Movement
2020-05-18T00:00:00Z,303158788.8,9,Change of Positions
2020-05-18T00:00:00Z,3300534315,35,Market Movement
2020-05-19T00:00:00Z,260070776.3,7,Change of Positions
2020-05-19T00:00:00Z,168500000,5,Market Movement
2020-05-20T00:00:00Z,178287461.2,6,Change of Positions
2020-05-20T00:00:00Z,10647350.33,1,Market Movement
2020-05-21T00:00:00Z,60181818.18,4,Change of Positions
2020-05-22T00:00:00Z,173940205.4,4,Change of Positions
2020-05-22T00:00:00Z,17500000,1,Market Movement
2020-05-25T00:00:00Z,96626781.16,3,Change of Positions
2020-05-25T00:00:00Z,171500000,4,Market Movement
2020-05-26T00:00:00Z,106500000,5,Change of Positions
2020-05-26T00:00:00Z,449629090.9,11,Market Movement
2020-05-27T00:00:00Z,637786780.1,16,Change of Positions
2020-05-27T00:00:00Z,369557365.1,9,Market Movement
2020-05-28T00:00:00Z,348446986.2,9,Change of Positions
2020-05-28T00:00:00Z,314168482.2,6,Market Movement
2020-05-29T00:00:00Z,199471264.4,7,Change of Positions
2020-05-29T00:00:00Z,84908764.37,3,Market Movement
2020-06-01T00:00:00Z,88000000,3,Change of Positions
2020-06-01T00:00:00Z,463858762.1,11,Market Movement
2020-06-02T00:00:00Z,385074190.1,12,Change of Positions
2020-06-02T00:00:00Z,246239216,11,Market Movement
2020-06-03T00:00:00Z,1325234769,23,Change of Positions
2020-06-03T00:00:00Z,1477695669,28,Market Movement
2020-06-04T00:00:00Z,522055555.6,10,Change of Positions
2020-06-04T00:00:00Z,143833333.3,4,Market Movement
2020-06-05T00:00:00Z,449172109.4,12,Change of Positions
2020-06-05T00:00:00Z,1155682497,20,Market Movement
2020-06-08T00:00:00Z,388738812.6,11,Change of Positions
2020-06-08T00:00:00Z,109801506.4,5,Market Movement
2020-06-09T00:00:00Z,178683401.9,6,Change of Positions
2020-06-09T00:00:00Z,29713556.17,2,Market Movement
2020-06-10T00:00:00Z,531923076.9,8,Change of Positions
2020-06-10T00:00:00Z,95879120.88,2,Market Movement
2020-06-11T00:00:00Z,334018857.9,14,Change of Positions
2020-06-11T00:00:00Z,1576312997,26,Market Movement
2020-06-12T00:00:00Z,437002477,12,Change of Positions
2020-06-12T00:00:00Z,103000000,2,Market Movement
2020-06-15T00:00:00Z,1279491514,15,Change of Positions
2020-06-15T00:00:00Z,380410431.7,4,Market Movement
2020-06-16T00:00:00Z,904850356.5,18,Change of Positions
2020-06-16T00:00:00Z,1971315116,20,Market Movement
2020-06-17T00:00:00Z,417374643.9,12,Change of Positions
2020-06-17T00:00:00Z,96500000,2,Market Movement
2020-06-18T00:00:00Z,651648814.8,13,Change of Positions
2020-06-18T00:00:00Z,26485474.96,2,Market Movement
2020-06-19T00:00:00Z,418375375.4,8,Change of Positions
2020-06-19T00:00:00Z,546000000,3,Market Movement
2020-06-22T00:00:00Z,309355078.9,9,Change of Positions
2020-06-22T00:00:00Z,30000000,2,Market Movement
2020-06-23T00:00:00Z,440545149.3,10,Change of Positions
2020-06-23T00:00:00Z,784569087.6,9,Market Movement
2020-06-24T00:00:00Z,298347408.3,9,Change of Positions
2020-06-24T00:00:00Z,379502752.8,7,Market Movement
2020-06-25T00:00:00Z,655821428.6,19,Change of Positions
2020-06-25T00:00:00Z,67000000,3,Market Movement
2020-06-26T00:00:00Z,228220503,8,Change of Positions
2020-06-26T00:00:00Z,109926246.3,5,Market Movement
2020-06-29T00:00:00Z,230481744.1,8,Change of Positions
2020-06-29T00:00:00Z,543429634.9,4,Market Movement
2020-06-30T00:00:00Z,308984461.5,7,Change of Positions
2020-06-30T00:00:00Z,30520807.29,2,Market Movement
2020-07-01T00:00:00Z,434089285.7,4,Change of Positions
2020-07-01T00:00:00Z,410392556.9,13,Market Movement
2020-07-02T00:00:00Z,297431773.9,10,Change of Positions
2020-07-02T00:00:00Z,1260026220,19,Market Movement
2020-07-03T00:00:00Z,85027797.58,3,Change of Positions
2020-07-06T00:00:00Z,90013813.19,3,Change of Positions
2020-07-06T00:00:00Z,1455604304,12,Market Movement
2020-07-07T00:00:00Z,34000000,2,Change of Positions
2020-07-08T00:00:00Z,74675613,4,Change of Positions
2020-07-08T00:00:00Z,57500000,3,Market Movement
2020-07-09T00:00:00Z,123450361.5,2,Change of Positions
2020-07-10T00:00:00Z,183514189.4,9,Change of Positions
2020-07-10T00:00:00Z,66794117.65,3,Market Movement
2020-07-13T00:00:00Z,130455688.9,7,Change of Positions
2020-07-13T00:00:00Z,874199696.3,15,Market Movement
2020-07-14T00:00:00Z,45527472.53,3,Change of Positions
2020-07-14T00:00:00Z,323120879.1,7,Market Movement
2020-07-15T00:00:00Z,218943900.7,5,Change of Positions
2020-07-15T00:00:00Z,1278976407,17,Market Movement
2020-07-16T00:00:00Z,140625109.5,6,Change of Positions
2020-07-16T00:00:00Z,12000000,1,Market Movement
2020-07-17T00:00:00Z,438948547.4,6,Change of Positions
2020-07-17T00:00:00Z,16500000,1,Market Movement
2020-07-20T00:00:00Z,159211390.6,6,Change of Positions
2020-07-20T00:00:00Z,11000000,1,Market Movement
2020-07-21T00:00:00Z,147000000,5,Change of Positions
2020-07-21T00:00:00Z,682500000,7,Market Movement
2020-07-22T00:00:00Z,72934185.52,5,Change of Positions
2020-07-22T00:00:00Z,22126564.67,2,Market Movement
2020-07-23T00:00:00Z,130439536.7,5,Change of Positions
2020-07-23T00:00:00Z,38500000,2,Market Movement
2020-07-24T00:00:00Z,37000000,2,Change of Positions
2020-07-24T00:00:00Z,132991313.1,7,Market Movement
2020-07-27T00:00:00Z,348482993.2,8,Change of Positions
2020-07-27T00:00:00Z,42129251.7,3,Market Movement
2020-07-28T00:00:00Z,46896901.94,4,Change of Positions
2020-07-28T00:00:00Z,18000000,1,Market Movement
2020-07-29T00:00:00Z,150551537.1,5,Change of Positions
2020-07-29T00:00:00Z,24113599.1,2,Market Movement
2020-07-30T00:00:00Z,95539555.48,5,Change of Positions
2020-07-30T00:00:00Z,915796389.3,21,Market Movement
2020-07-31T00:00:00Z,286780891.3,6,Change of Positions
2020-07-31T00:00:00Z,69341547.14,4,Market Movement
2020-08-03T00:00:00Z,140500000,8,Change of Positions
2020-08-03T00:00:00Z,754762152.5,16,Market Movement
2020-08-04T00:00:00Z,132047173.8,4,Change of Positions
2020-08-04T00:00:00Z,14449638.76,1,Market Movement
2020-08-05T00:00:00Z,119437911.3,5,Change of Positions
2020-08-05T00:00:00Z,219260344.3,10,Market Movement
2020-08-06T00:00:00Z,227396310.1,6,Change of Positions
2020-08-06T00:00:00Z,15500000,1,Market Movement
2020-08-07T00:00:00Z,83273208.09,3,Change of Positions
2020-08-10T00:00:00Z,171858752,4,Change of Positions
2020-08-11T00:00:00Z,188920157.2,5,Change of Positions
2020-08-11T00:00:00Z,1464721490,28,Market Movement
2020-08-12T00:00:00Z,150409778.3,4,Change of Positions
2020-08-12T00:00:00Z,740657142.6,11,Market Movement
2020-08-13T00:00:00Z,11000000,1,Change of Positions
2020-08-13T00:00:00Z,176718935.8,6,Market Movement
2020-08-14T00:00:00Z,402000000,4,Market Movement
2020-08-17T00:00:00Z,190247194.8,2,Change of Positions
2020-08-17T00:00:00Z,13076858.18,1,Market Movement
2020-08-18T00:00:00Z,23097597.85,1,Change of Positions
2020-08-19T00:00:00Z,60341238.58,2,Change of Positions
2020-08-19T00:00:00Z,24721360.93,2,Market Movement
2020-08-20T00:00:00Z,86487341.77,5,Change of Positions
2020-08-20T00:00:00Z,84500000,2,Market Movement
2020-08-21T00:00:00Z,362021879.5,6,Change of Positions
2020-08-24T00:00:00Z,188565459.6,7,Change of Positions
2020-08-24T00:00:00Z,901715227.1,16,Market Movement
2020-08-25T00:00:00Z,121196800.4,5,Change of Positions
2020-08-25T00:00:00Z,582457694.7,19,Market Movement
2020-08-26T00:00:00Z,189363771.3,9,Change of Positions
2020-08-26T00:00:00Z,131500000,2,Market Movement
2020-08-27T00:00:00Z,55903777.74,2,Change of Positions
2020-08-27T00:00:00Z,261281890.6,8,Market Movement
2020-08-28T00:00:00Z,116210076.2,4,Change of Positions
2020-08-28T00:00:00Z,39500000,2,Market Movement
2020-08-31T00:00:00Z,109188442.2,5,Change of Positions
2020-08-31T00:00:00Z,81500000,4,Market Movement
2020-09-01T00:00:00Z,224120839.2,6,Change of Positions
2020-09-01T00:00:00Z,104096437.8,4,Market Movement
2020-09-02T00:00:00Z,345162465.2,11,Change of Positions
2020-09-02T00:00:00Z,997258985.4,20,Market Movement
2020-09-03T00:00:00Z,239486963.5,7,Change of Positions
2020-09-03T00:00:00Z,775034862.1,12,Market Movement
2020-09-04T00:00:00Z,112822327.3,5,Change of Positions
2020-09-04T00:00:00Z,72164589.68,2,Market Movement
2020-09-07T00:00:00Z,105166296.6,3,Change of Positions
2020-09-07T00:00:00Z,628380423.7,10,Market Movement
2020-09-08T00:00:00Z,278000000,5,Change of Positions
2020-09-08T00:00:00Z,100000000,4,Market Movement
2020-09-09T00:00:00Z,400877388.9,7,Change of Positions
2020-09-09T00:00:00Z,451112305,13,Market Movement
2020-09-10T00:00:00Z,150500000,5,Change of Positions
2020-09-10T00:00:00Z,183613674.5,4,Market Movement
2020-09-11T00:00:00Z,679683735.4,6,Change of Positions
2020-09-11T00:00:00Z,236134891.2,8,Market Movement
2020-09-14T00:00:00Z,233837319,8,Change of Positions
2020-09-15T00:00:00Z,452521190.7,12,Change of Positions
2020-09-15T00:00:00Z,108055835.9,1,Market Movement
2020-09-16T00:00:00Z,273907953.5,4,Change of Positions
2020-09-16T00:00:00Z,284354200,1,Market Movement
2020-09-17T00:00:00Z,131000000,8,Change of Positions
2020-09-17T00:00:00Z,221767313.7,3,Market Movement
2020-09-18T00:00:00Z,958318135.7,10,Change of Positions
2020-09-21T00:00:00Z,350271867.3,8,Change of Positions
2020-09-21T00:00:00Z,781976766.3,18,Market Movement
2020-09-22T00:00:00Z,125521580.8,3,Change of Positions
2020-09-22T00:00:00Z,91864532.94,4,Market Movement
2020-09-23T00:00:00Z,114500000,5,Change of Positions
2020-09-23T00:00:00Z,162273368.6,7,Market Movement
2020-09-24T00:00:00Z,176100472.3,7,Change of Positions
2020-09-24T00:00:00Z,90000000,3,Market Movement
2020-09-25T00:00:00Z,163000000,4,Change of Positions
2020-09-25T00:00:00Z,10500000,1,Market Movement
2020-09-28T00:00:00Z,70494001.71,3,Change of Positions
2020-09-28T00:00:00Z,876099104.8,16,Market Movement
2020-09-29T00:00:00Z,122327636.3,6,Change of Positions
2020-09-30T00:00:00Z,151965835.3,6,Change of Positions
2020-09-30T00:00:00Z,14500000,1,Market Movement
2020-10-01T00:00:00Z,89500000,5,Change of Positions
2020-10-01T00:00:00Z,12763784.89,1,Market Movement
2020-10-02T00:00:00Z,263311672.6,5,Change of Positions
2020-10-02T00:00:00Z,54000000,2,Market Movement
2020-10-05T00:00:00Z,120471787.9,6,Change of Positions
2020-10-05T00:00:00Z,323915363.7,2,Market Movement
2020-10-06T00:00:00Z,101097287,4,Change of Positions
2020-10-06T00:00:00Z,71000000,2,Market Movement
2020-10-07T00:00:00Z,22500000,1,Change of Positions
2020-10-07T00:00:00Z,65000000,2,Market Movement
2020-10-08T00:00:00Z,454122609.4,7,Change of Positions
2020-10-08T00:00:00Z,112798980,5,Market Movement
2020-10-09T00:00:00Z,26173802.46,2,Change of Positions
2020-10-09T00:00:00Z,10500000,1,Market Movement
2020-10-12T00:00:00Z,87500000,4,Change of Positions
2020-10-12T00:00:00Z,23500000,2,Market Movement
2020-10-13T00:00:00Z,222500000,5,Change of Positions
2020-10-14T00:00:00Z,94000000,6,Change of Positions
2020-10-14T00:00:00Z,16000000,1,Market Movement
2020-10-15T00:00:00Z,150000000,7,Change of Positions
2020-10-15T00:00:00Z,718424885.5,16,Market Movement
2020-10-16T00:00:00Z,92500000,5,Change of Positions
2020-10-16T00:00:00Z,631415552.3,12,Market Movement
2020-10-19T00:00:00Z,24824878.78,2,Change of Positions
2020-10-19T00:00:00Z,54060144.99,2,Market Movement
2020-10-20T00:00:00Z,178917442.8,6,Change of Positions
2020-10-21T00:00:00Z,396265440.4,11,Change of Positions
2020-10-21T00:00:00Z,118424932,5,Market Movement
2020-10-22T00:00:00Z,63651425.43,3,Change of Positions
2020-10-22T00:00:00Z,73809189.76,5,Market Movement
2020-10-23T00:00:00Z,44500000,3,Change of Positions
2020-10-23T00:00:00Z,396431404.6,7,Market Movement
2020-10-26T00:00:00Z,113766858.4,6,Change of Positions
2020-10-26T00:00:00Z,269916575,8,Market Movement
2020-10-27T00:00:00Z,184983109.4,11,Change of Positions
2020-10-27T00:00:00Z,131929344.2,6,Market Movement
2020-10-28T00:00:00Z,323173616.4,11,Change of Positions
2020-10-28T00:00:00Z,1102692917,24,Market Movement
2020-10-29T00:00:00Z,276356459.3,11,Change of Positions
2020-10-29T00:00:00Z,456251196.2,8,Market Movement
2020-10-30T00:00:00Z,213064797.4,5,Change of Positions
2020-10-30T00:00:00Z,28451786.63,2,Market Movement
2020-11-02T00:00:00Z,108000000,5,Change of Positions
2020-11-02T00:00:00Z,571993305.9,13,Market Movement
2020-11-03T00:00:00Z,48518372.93,3,Change of Positions
2020-11-03T00:00:00Z,839590171.3,17,Market Movement
2020-11-04T00:00:00Z,194598327.8,5,Change of Positions
2020-11-04T00:00:00Z,979045943.2,20,Market Movement
2020-11-05T00:00:00Z,102278785.3,5,Change of Positions
2020-11-05T00:00:00Z,814215643.8,14,Market Movement
2020-11-06T00:00:00Z,138047599,7,Change of Positions
2020-11-06T00:00:00Z,102223720,6,Market Movement
2020-11-09T00:00:00Z,216913069.1,7,Change of Positions
2020-11-09T00:00:00Z,4645814360,66,Market Movement
2020-11-10T00:00:00Z,513776422.8,17,Change of Positions
2020-11-10T00:00:00Z,1254940450,17,Market Movement
2020-11-11T00:00:00Z,594500000,14,Change of Positions
2020-11-11T00:00:00Z,58089000.42,2,Market Movement
2020-11-12T00:00:00Z,141000000,7,Change of Positions
2020-11-12T00:00:00Z,172500000,4,Market Movement
2020-11-13T00:00:00Z,167000000,5,Change of Positions
2020-11-13T00:00:00Z,30000000,2,Market Movement
2020-11-16T00:00:00Z,230911665.3,12,Change of Positions
2020-11-16T00:00:00Z,363020353.2,10,Market Movement
2020-11-17T00:00:00Z,93926780,6,Change of Positions
2020-11-18T00:00:00Z,245500000,6,Change of Positions
2020-11-19T00:00:00Z,144232589.6,5,Change of Positions
2020-11-20T00:00:00Z,1016138666,7,Change of Positions
2020-11-20T00:00:00Z,19388013.15,1,Market Movement
2020-11-23T00:00:00Z,56503319.05,3,Change of Positions
2020-11-23T00:00:00Z,52500000,2,Market Movement
2020-11-24T00:00:00Z,85319637.59,4,Change of Positions
2020-11-24T00:00:00Z,470209018.1,5,Market Movement
2020-11-25T00:00:00Z,207799411.3,7,Change of Positions
2020-11-25T00:00:00Z,19500000,1,Market Movement
2020-11-26T00:00:00Z,246500000,8,Change of Positions
2020-11-26T00:00:00Z,23000000,1,Market Movement
2020-11-27T00:00:00Z,187420567,8,Change of Positions
2020-11-30T00:00:00Z,456989983.3,7,Change of Positions
2020-11-30T00:00:00Z,22500000,1,Market Movement
2020-12-01T00:00:00Z,227012624.3,8,Change of Positions
2020-12-01T00:00:00Z,114195968.3,6,Market Movement
2020-12-02T00:00:00Z,74500000,5,Change of Positions
2020-12-03T00:00:00Z,181721545.6,6,Change of Positions
2020-12-03T00:00:00Z,16500000,1,Market Movement
2020-12-04T00:00:00Z,110603544.7,2,Change of Positions
2020-12-04T00:00:00Z,16500000,1,Market Movement
2020-12-07T00:00:00Z,330118073.9,8,Change of Positions
2020-12-07T00:00:00Z,212906395,7,Market Movement
2020-12-08T00:00:00Z,119988147.9,3,Change of Positions
2020-12-08T00:00:00Z,19500000,1,Market Movement
2020-12-09T00:00:00Z,354247625.7,6,Change of Positions
2020-12-09T00:00:00Z,63971462.03,5,Market Movement
2020-12-10T00:00:00Z,74595749.07,4,Change of Positions
2020-12-10T00:00:00Z,29840146.24,3,Market Movement
2020-12-11T00:00:00Z,212837593.8,8,Change of Positions
2020-12-11T00:00:00Z,181604343.4,7,Market Movement
2020-12-15T00:00:00Z,474275123.6,8,Change of Positions
2020-12-16T00:00:00Z,169000000,8,Change of Positions
2020-12-16T00:00:00Z,845781404.9,15,Market Movement
2020-12-17T00:00:00Z,591088190.4,17,Change of Positions
2020-12-17T00:00:00Z,18500000,1,Market Movement
2020-12-18T00:00:00Z,496915939.3,10,Change of Positions
2020-12-18T00:00:00Z,38484349.03,3,Market Movement
2020-12-21T00:00:00Z,461704468.9,15,Change of Positions
2020-12-21T00:00:00Z,592500000,13,Market Movement
2020-12-22T00:00:00Z,183448525.2,3,Change of Positions
2020-12-22T00:00:00Z,101107732.8,4,Market Movement
2020-12-23T00:00:00Z,82500000,4,Change of Positions
2020-12-23T00:00:00Z,420697012.3,9,Market Movement
2020-12-24T00:00:00Z,18000000,1,Change of Positions
2020-12-28T00:00:00Z,19232343.07,1,Change of Positions
2020-12-28T00:00:00Z,149052223.8,7,Market Movement
2020-12-29T00:00:00Z,372907170.2,8,Change of Positions
2020-12-30T00:00:00Z,94341736.71,4,Change of Positions
2020-12-30T00:00:00Z,94970212.72,2,Market Movement
2020-12-31T00:00:00Z,114000000,1,Change of Positions
2021-01-04T00:00:00Z,157045543.3,10,Change of Positions
2021-01-04T00:00:00Z,397522847.1,11,Market Movement
2021-01-05T00:00:00Z,321785347.6,15,Change of Positions
2021-01-05T00:00:00Z,43000000,1,Market Movement
2021-01-06T00:00:00Z,599612984.3,8,Change of Positions
2021-01-06T00:00:00Z,1275825432,22,Market Movement
2021-01-07T00:00:00Z,169810850.4,6,Change of Positions
2021-01-08T00:00:00Z,132367346.9,4,Change of Positions
2021-01-08T00:00:00Z,68000000,2,Market Movement
2021-01-11T00:00:00Z,119625092.5,3,Change of Positions
2021-01-11T00:00:00Z,115735418.2,6,Market Movement
2021-01-12T00:00:00Z,75500000,3,Change of Positions
2021-01-12T00:00:00Z,326098310.5,9,Market Movement
2021-01-13T00:00:00Z,176289495.3,9,Change of Positions
2021-01-13T00:00:00Z,258680420.8,8,Market Movement
2021-01-14T00:00:00Z,289484328.6,9,Change of Positions
2021-01-14T00:00:00Z,138671395.6,4,Market Movement
2021-01-15T00:00:00Z,162584426.3,5,Change of Positions
2021-01-15T00:00:00Z,70633949.87,4,Market Movement
2021-01-18T00:00:00Z,15000000,1,Change of Positions
2021-01-18T00:00:00Z,66892446.06,3,Market Movement
2021-01-19T00:00:00Z,16000000,1,Change of Positions
2021-01-20T00:00:00Z,129000000,7,Change of Positions
2021-01-21T00:00:00Z,41000000,3,Change of Positions
2021-01-21T00:00:00Z,332649482.3,9,Market Movement
2021-01-22T00:00:00Z,203767807.2,8,Change of Positions
2021-01-22T00:00:00Z,12500000,1,Market Movement
2021-01-25T00:00:00Z,241144503,12,Change of Positions
2021-01-25T00:00:00Z,427239302.2,9,Market Movement
2021-01-26T00:00:00Z,243292596.6,7,Change of Positions
2021-01-26T00:00:00Z,310781279.4,13,Market Movement
2021-01-27T00:00:00Z,311879643.4,12,Change of Positions
2021-01-27T00:00:00Z,182500000,3,Market Movement
2021-01-28T00:00:00Z,106500000,5,Change of Positions
2021-01-28T00:00:00Z,379801864,9,Market Movement
2021-01-29T00:00:00Z,361851351.4,8,Change of Positions
2021-01-29T00:00:00Z,611035460.4,19,Market Movement
2021-02-01T00:00:00Z,140098973.8,3,Change of Positions
2021-02-01T00:00:00Z,241633136.1,8,Market Movement
2021-02-02T00:00:00Z,96945200.93,4,Change of Positions
2021-02-02T00:00:00Z,411052981,11,Market Movement
2021-02-03T00:00:00Z,10000000,1,Change of Positions
2021-02-03T00:00:00Z,101982316.7,6,Market Movement
2021-02-04T00:00:00Z,256745581.9,3,Change of Positions
2021-02-04T00:00:00Z,128376125.4,4,Market Movement
2021-02-05T00:00:00Z,49000000,3,Change of Positions
2021-02-05T00:00:00Z,319708867.9,12,Market Movement
2021-02-08T00:00:00Z,109792099.8,4,Change of Positions
2021-02-08T00:00:00Z,168446433.3,8,Market Movement
2021-02-09T00:00:00Z,87418043.62,4,Change of Positions
2021-02-10T00:00:00Z,122659643.8,3,Change of Positions
2021-02-10T00:00:00Z,69500000,1,Market Movement
2021-02-11T00:00:00Z,104076438.6,4,Change of Positions
2021-02-11T00:00:00Z,134500000,6,Market Movement
2021-02-12T00:00:00Z,182507267.9,6,Change of Positions
2021-02-12T00:00:00Z,357465691.6,13,Market Movement
2021-02-15T00:00:00Z,26500000,1,Change of Positions
2021-02-15T00:00:00Z,703340703.5,20,Market Movement
2021-02-16T00:00:00Z,44205509.35,2,Change of Positions
2021-02-16T00:00:00Z,260963444.3,8,Market Movement
2021-02-17T00:00:00Z,394235329,5,Change of Positions
2021-02-17T00:00:00Z,47838308.46,2,Market Movement
2021-02-18T00:00:00Z,164322906.3,4,Change of Positions
2021-02-18T00:00:00Z,284643834.5,9,Market Movement
2021-02-19T00:00:00Z,17000000,1,Change of Positions
2021-02-19T00:00:00Z,392009771.3,12,Market Movement
2021-02-22T00:00:00Z,354403280.3,5,Change of Positions
2021-02-22T00:00:00Z,509312288.8,9,Market Movement
2021-02-23T00:00:00Z,213675409.7,6,Change of Positions
2021-02-23T00:00:00Z,724276172,17,Market Movement
2021-02-24T00:00:00Z,172816864.3,6,Change of Positions
2021-02-24T00:00:00Z,317998455.8,9,Market Movement
2021-02-25T00:00:00Z,225647239.3,8,Change of Positions
2021-02-25T00:00:00Z,557942100.1,18,Market Movement
2021-02-26T00:00:00Z,281578046.4,5,Change of Positions
2021-02-26T00:00:00Z,765521136.6,15,Market Movement
2021-03-01T00:00:00Z,72161992.86,3,Change of Positions
2021-03-01T00:00:00Z,1385231551,31,Market Movement
2021-03-02T00:00:00Z,570868806.1,10,Change of Positions
2021-03-02T00:00:00Z,247342786.5,9,Market Movement
2021-03-03T00:00:00Z,344305567.3,9,Change of Positions
2021-03-03T00:00:00Z,1006232896,25,Market Movement
2021-03-04T00:00:00Z,239554761.5,7,Change of Positions
2021-03-04T00:00:00Z,198500000,5,Market Movement
2021-03-05T00:00:00Z,343204305.6,8,Change of Positions
2021-03-05T00:00:00Z,409990199.4,11,Market Movement
2021-03-08T00:00:00Z,581674616.6,7,Change of Positions
2021-03-08T00:00:00Z,917481263.9,23,Market Movement
2021-03-09T00:00:00Z,281000000,7,Change of Positions
2021-03-09T00:00:00Z,501438455.6,12,Market Movement
2021-03-10T00:00:00Z,112794651.9,3,Change of Positions
2021-03-10T00:00:00Z,103488059.2,4,Market Movement
2021-03-11T00:00:00Z,39653479.82,3,Change of Positions
2021-03-11T00:00:00Z,623263852.8,17,Market Movement
2021-03-12T00:00:00Z,710480306.7,8,Change of Positions
2021-03-12T00:00:00Z,444954512.4,11,Market Movement
2021-03-15T00:00:00Z,153761745,7,Change of Positions
2021-03-15T00:00:00Z,264216707.9,10,Market Movement
2021-03-16T00:00:00Z,628240147.6,18,Change of Positions
2021-03-16T00:00:00Z,100192101.3,4,Market Movement
2021-03-17T00:00:00Z,241806500.4,4,Change of Positions
2021-03-17T00:00:00Z,600715690.5,16,Market Movement
2021-03-18T00:00:00Z,269917058.4,6,Change of Positions
2021-03-18T00:00:00Z,221237020.3,8,Market Movement
2021-03-19T00:00:00Z,207186107.1,7,Change of Positions
2021-03-19T00:00:00Z,393435485.2,11,Market Movement
2021-03-22T00:00:00Z,228895055.8,4,Change of Positions
2021-03-22T00:00:00Z,62940717.76,2,Market Movement
2021-03-23T00:00:00Z,1206356896,6,Change of Positions
2021-03-23T00:00:00Z,107500000,4,Market Movement
2021-03-24T00:00:00Z,132500000,5,Change of Positions
2021-03-24T00:00:00Z,175000000,3,Market Movement
2021-03-25T00:00:00Z,181314353.5,5,Change of Positions
2021-03-25T00:00:00Z,142353923.1,4,Market Movement
2021-03-26T00:00:00Z,442825236.4,12,Market Movement
2021-03-29T00:00:00Z,99412423.63,5,Change of Positions
2021-03-29T00:00:00Z,182733703.9,8,Market Movement
2021-03-30T00:00:00Z,27680776.77,2,Change of Positions
2021-03-30T00:00:00Z,786623943.3,18,Market Movement
2021-03-31T00:00:00Z,120437100.2,4,Change of Positions
2021-03-31T00:00:00Z,23000000,1,Market Movement
2021-04-01T00:00:00Z,320088625.9,4,Change of Positions
2021-04-01T00:00:00Z,213121658.4,8,Market Movement
2021-04-06T00:00:00Z,346630037.3,4,Change of Positions
2021-04-06T00:00:00Z,208019096,8,Market Movement
2021-04-07T00:00:00Z,69859811.51,4,Change of Positions
2021-04-08T00:00:00Z,18500000,1,Change of Positions
2021-04-08T00:00:00Z,52000000,2,Market Movement
2021-04-09T00:00:00Z,120000000,1,Change of Positions
2021-04-09T00:00:00Z,145349916.7,7,Market Movement
2021-04-12T00:00:00Z,87500000,2,Market Movement
2021-04-13T00:00:00Z,127000000,2,Change of Positions
2021-04-14T00:00:00Z,71464393.18,3,Change of Positions
2021-04-14T00:00:00Z,22825452.27,2,Market Movement
2021-04-15T00:00:00Z,69000000,3,Change of Positions
2021-04-15T00:00:00Z,219982456.1,7,Market Movement
2021-04-16T00:00:00Z,90546721.17,5,Change of Positions
2021-04-16T00:00:00Z,147908208,7,Market Movement
2021-04-19T00:00:00Z,97020980.47,3,Change of Positions
2021-04-19T00:00:00Z,152807194.8,6,Market Movement
2021-04-20T00:00:00Z,115353248.7,4,Change of Positions
2021-04-20T00:00:00Z,447589204.2,7,Market Movement
2021-04-21T00:00:00Z,248000000,4,Change of Positions
2021-04-21T00:00:00Z,222755600.9,9,Market Movement
2021-04-22T00:00:00Z,392150340.4,10,Change of Positions
2021-04-22T00:00:00Z,214923626.1,8,Market Movement
2021-04-23T00:00:00Z,108445300.8,5,Change of Positions
2021-04-26T00:00:00Z,61964106.07,2,Change of Positions
2021-04-26T00:00:00Z,21500000,1,Market Movement
2021-04-27T00:00:00Z,11581733.95,1,Change of Positions
2021-04-27T00:00:00Z,29000000,1,Market Movement
2021-04-28T00:00:00Z,36454018.23,1,Change of Positions
2021-04-28T00:00:00Z,441707474.3,10,Market Movement
2021-04-29T00:00:00Z,102715516.5,4,Change of Positions
2021-04-29T00:00:00Z,491427832.7,16,Market Movement
2021-04-30T00:00:00Z,292225873.2,4,Change of Positions
2021-04-30T00:00:00Z,12000000,1,Market Movement
2021-05-03T00:00:00Z,190609930.3,7,Change of Positions
2021-05-03T00:00:00Z,175122589.4,8,Market Movement
2021-05-04T00:00:00Z,144745611.8,6,Change of Positions
2021-05-04T00:00:00Z,695802262.7,13,Market Movement
2021-05-05T00:00:00Z,270958350.7,4,Change of Positions
2021-05-05T00:00:00Z,442525942.1,16,Market Movement
2021-05-06T00:00:00Z,35724502.66,3,Change of Positions
2021-05-06T00:00:00Z,23500000,1,Market Movement
2021-05-07T00:00:00Z,22000000,1,Change of Positions
2021-05-07T00:00:00Z,185392886.1,7,Market Movement
2021-05-10T00:00:00Z,13500000,1,Change of Positions
2021-05-10T00:00:00Z,30719981.56,1,Market Movement
2021-05-11T00:00:00Z,59771158.59,4,Change of Positions
2021-05-11T00:00:00Z,1261926633,24,Market Movement
2021-05-12T00:00:00Z,388549684.3,7,Change of Positions
2021-05-12T00:00:00Z,119213731,3,Market Movement
2021-05-13T00:00:00Z,235417432.3,5,Change of Positions
2021-05-13T00:00:00Z,691676889.3,9,Market Movement
2021-05-14T00:00:00Z,88672688.28,4,Change of Positions
2021-05-14T00:00:00Z,738210880.1,16,Market Movement
2021-05-17T00:00:00Z,86057811.08,3,Change of Positions
2021-05-18T00:00:00Z,30000000,2,Change of Positions
2021-05-18T00:00:00Z,70500000,2,Market Movement
2021-05-19T00:00:00Z,225986734.4,9,Change of Positions
2021-05-19T00:00:00Z,910878363.8,18,Market Movement
2021-05-20T00:00:00Z,185219741,3,Change of Positions
2021-05-20T00:00:00Z,286692329.8,10,Market Movement
2021-05-21T00:00:00Z,60000000,4,Change of Positions
2021-05-21T00:00:00Z,355699540.5,9,Market Movement
2021-05-24T00:00:00Z,15000000,1,Change of Positions
2021-05-24T00:00:00Z,99781035.05,4,Market Movement
2021-05-25T00:00:00Z,84615786.04,5,Change of Positions
2021-05-25T00:00:00Z,54500000,1,Market Movement
2021-05-26T00:00:00Z,283014392,11,Change of Positions
2021-05-26T00:00:00Z,266428765.4,9,Market Movement
2021-05-27T00:00:00Z,37414002.3,3,Change of Positions
2021-05-27T00:00:00Z,65326856.55,5,Market Movement
2021-05-28T00:00:00Z,130000000,7,Change of Positions
2021-05-28T00:00:00Z,222001482.5,9,Market Movement
2021-05-31T00:00:00Z,87500000,4,Change of Positions
2021-05-31T00:00:00Z,42500000,1,Market Movement
2021-06-01T00:00:00Z,56904907.98,3,Change of Positions
2021-06-01T00:00:00Z,448000000,12,Market Movement
2021-06-02T00:00:00Z,222717955,8,Change of Positions
2021-06-02T00:00:00Z,41053504.02,2,Market Movement
2021-06-03T00:00:00Z,534862189.2,5,Change of Positions
2021-06-03T00:00:00Z,27539016.99,2,Market Movement
2021-06-04T00:00:00Z,309403317.7,5,Change of Positions
2021-06-04T00:00:00Z,92182718.49,4,Market Movement
2021-06-07T00:00:00Z,124223797.3,4,Change of Positions
2021-06-07T00:00:00Z,14800197.34,1,Market Movement
2021-06-08T00:00:00Z,94357823.02,4,Change of Positions
2021-06-08T00:00:00Z,226500000,7,Market Movement
2021-06-09T00:00:00Z,311430504.3,7,Change of Positions
2021-06-09T00:00:00Z,171890323.9,7,Market Movement
2021-06-10T00:00:00Z,168500000,3,Change of Positions
2021-06-11T00:00:00Z,258938144.3,6,Change of Positions
2021-06-11T00:00:00Z,316152489.3,12,Market Movement
2021-06-14T00:00:00Z,120135402.9,5,Change of Positions
2021-06-14T00:00:00Z,15000000,1,Market Movement
2021-06-15T00:00:00Z,303863561.3,8,Change of Positions
2021-06-15T00:00:00Z,42500000,2,Market Movement
2021-06-16T00:00:00Z,159644836.7,5,Change of Positions
2021-06-17T00:00:00Z,172186819.9,7,Change of Positions
2021-06-17T00:00:00Z,327871875.9,9,Market Movement
2021-06-18T00:00:00Z,609629349.5,11,Change of Positions
2021-06-18T00:00:00Z,358523869.6,4,Market Movement
2021-06-21T00:00:00Z,545319779.7,7,Change of Positions
2021-06-21T00:00:00Z,324829472.9,10,Market Movement
2021-06-22T00:00:00Z,121069446.8,1,Change of Positions
2021-06-22T00:00:00Z,49065116.53,4,Market Movement
2021-06-23T00:00:00Z,163714500.9,6,Change of Positions
2021-06-23T00:00:00Z,103500000,2,Market Movement
2021-06-24T00:00:00Z,23229222.52,2,Change of Positions
2021-06-24T00:00:00Z,347506265.1,9,Market Movement
2021-06-25T00:00:00Z,46297071.13,3,Change of Positions
2021-06-25T00:00:00Z,187981704.1,7,Market Movement
2021-06-28T00:00:00Z,84552476.91,2,Change of Positions
2021-06-28T00:00:00Z,67915197.31,4,Market Movement
2021-06-29T00:00:00Z,103014804.8,6,Change of Positions
2021-06-29T00:00:00Z,41000000,2,Market Movement
2021-06-30T00:00:00Z,299360484.7,9,Change of Positions
2021-06-30T00:00:00Z,364372433.5,8,Market Movement
2021-07-01T00:00:00Z,81012285.43,3,Change of Positions
2021-07-01T00:00:00Z,362927128.9,9,Market Movement
2021-07-02T00:00:00Z,184181975.8,5,Change of Positions
2021-07-02T00:00:00Z,180012771.7,9,Market Movement
2021-07-05T00:00:00Z,117500000,2,Change of Positions
2021-07-05T00:00:00Z,79042060.72,5,Market Movement
2021-07-06T00:00:00Z,101944754.2,5,Change of Positions
2021-07-06T00:00:00Z,595376583.9,17,Market Movement
2021-07-07T00:00:00Z,136047586.8,6,Change of Positions
2021-07-07T00:00:00Z,349505874.4,13,Market Movement
2021-07-08T00:00:00Z,87109224.53,5,Change of Positions
2021-07-08T00:00:00Z,999260651.2,26,Market Movement
2021-07-09T00:00:00Z,250725501.8,4,Change of Positions
2021-07-09T00:00:00Z,331082538.7,14,Market Movement
2021-07-12T00:00:00Z,88171447.86,5,Change of Positions
2021-07-12T00:00:00Z,177686466.4,5,Market Movement
2021-07-13T00:00:00Z,106500000,4,Change of Positions
2021-07-13T00:00:00Z,11500000,1,Market Movement
2021-07-14T00:00:00Z,186937690.5,4,Change of Positions
2021-07-14T00:00:00Z,59076299.84,5,Market Movement
2021-07-15T00:00:00Z,31359640.95,2,Change of Positions
2021-07-15T00:00:00Z,75000000,2,Market Movement
2021-07-16T00:00:00Z,19911879.34,1,Change of Positions
2021-07-16T00:00:00Z,77000000,4,Market Movement
2021-07-19T00:00:00Z,421228029.9,13,Change of Positions
2021-07-19T00:00:00Z,812322709.5,19,Market Movement
2021-07-20T00:00:00Z,98015923.57,4,Change of Positions
2021-07-20T00:00:00Z,319759023.4,12,Market Movement
2021-07-21T00:00:00Z,54500000,2,Change of Positions
2021-07-21T00:00:00Z,325867424,16,Market Movement
2021-07-22T00:00:00Z,10500000,1,Change of Positions
2021-07-22T00:00:00Z,334069002.1,10,Market Movement
2021-07-23T00:00:00Z,135055196.7,3,Change of Positions
2021-07-23T00:00:00Z,270979932.6,10,Market Movement
2021-07-26T00:00:00Z,68875854.42,2,Change of Positions
2021-07-26T00:00:00Z,374000000,6,Market Movement
2021-07-27T00:00:00Z,35000000,1,Change of Positions
2021-07-27T00:00:00Z,360000000,4,Market Movement
2021-07-28T00:00:00Z,38112983.82,2,Change of Positions
2021-07-28T00:00:00Z,323370204.1,7,Market Movement
2021-07-29T00:00:00Z,151485387,5,Change of Positions
2021-07-29T00:00:00Z,194453837.6,4,Market Movement
2021-07-30T00:00:00Z,53797914.39,2,Change of Positions
2021-07-30T00:00:00Z,96000000,1,Market Movement
2021-08-02T00:00:00Z,21874474.17,1,Change of Positions
2021-08-02T00:00:00Z,200907285.9,7,Market Movement
2021-08-03T00:00:00Z,15565839.29,1,Change of Positions
2021-08-03T00:00:00Z,31500000,2,Market Movement
2021-08-04T00:00:00Z,164075541.7,7,Market Movement
2021-08-05T00:00:00Z,121316455.7,5,Change of Positions
2021-08-05T00:00:00Z,190500000,6,Market Movement
2021-08-06T00:00:00Z,5577911.298,1,Change of Positions
2021-08-06T00:00:00Z,467594895.6,16,Market Movement
2021-08-09T00:00:00Z,60879687.1,2,Change of Positions
2021-08-09T00:00:00Z,40500000,2,Market Movement
2021-08-10T00:00:00Z,26500000,1,Change of Positions
2021-08-11T00:00:00Z,72849889.06,2,Change of Positions
2021-08-11T00:00:00Z,25500000,2,Market Movement
2021-08-12T00:00:00Z,54519124.29,1,Change of Positions
2021-08-12T00:00:00Z,58370730.05,3,Market Movement
2021-08-13T00:00:00Z,56624309.39,3,Change of Positions
2021-08-16T00:00:00Z,92500000,1,Market Movement
2021-08-17T00:00:00Z,162257969.6,5,Change of Positions
2021-08-17T00:00:00Z,134500000,2,Market Movement
2021-08-19T00:00:00Z,63969904.24,5,Change of Positions
2021-08-19T00:00:00Z,829947332.4,11,Market Movement
2021-08-20T00:00:00Z,10000000,1,Change of Positions
2021-08-20T00:00:00Z,44126467.31,2,Market Movement
2021-08-23T00:00:00Z,43000000,2,Change of Positions
2021-08-23T00:00:00Z,114259375,8,Market Movement
2021-08-24T00:00:00Z,25500000,1,Change of Positions
2021-08-24T00:00:00Z,118000000,2,Market Movement
2021-08-25T00:00:00Z,36650988.41,2,Change of Positions
2021-08-25T00:00:00Z,729085360.5,27,Market Movement
2021-08-26T00:00:00Z,23500000,2,Change of Positions
2021-08-27T00:00:00Z,30000000,2,Change of Positions
2021-08-27T00:00:00Z,71508035.03,2,Market Movement
2021-08-30T00:00:00Z,22168629.78,2,Change of Positions
2021-08-30T00:00:00Z,26692653.16,1,Market Movement
2021-08-31T00:00:00Z,95313925.98,4,Change of Positions
2021-08-31T00:00:00Z,322726544.2,12,Market Movement
2021-09-01T00:00:00Z,122500000,4,Change of Positions
2021-09-01T00:00:00Z,396848420,13,Market Movement
2021-09-02T00:00:00Z,418036299.2,5,Change of Positions
2021-09-02T00:00:00Z,58000000,4,Market Movement
2021-09-03T00:00:00Z,229105121.3,6,Change of Positions
2021-09-03T00:00:00Z,425197439.4,7,Market Movement
2021-09-06T00:00:00Z,311240454.5,5,Change of Positions
2021-09-06T00:00:00Z,113000000,3,Market Movement
2021-09-07T00:00:00Z,144500000,2,Change of Positions
2021-09-07T00:00:00Z,308025329.2,15,Market Movement
2021-09-08T00:00:00Z,270665426.6,5,Change of Positions
2021-09-08T00:00:00Z,288569036.9,6,Market Movement
2021-09-09T00:00:00Z,485910542.3,8,Change of Positions
2021-09-09T00:00:00Z,269101402.3,9,Market Movement
2021-09-10T00:00:00Z,14000000,1,Change of Positions
2021-09-10T00:00:00Z,93000000,3,Market Movement
2021-09-13T00:00:00Z,632386474.9,13,Change of Positions
2021-09-13T00:00:00Z,103000000,4,Market Movement
2021-09-14T00:00:00Z,606455899.8,11,Change of Positions
2021-09-14T00:00:00Z,116458476.5,7,Market Movement
2021-09-15T00:00:00Z,159214479,6,Change of Positions
2021-09-15T00:00:00Z,186352127.5,7,Market Movement
2021-09-16T00:00:00Z,272706933.8,9,Change of Positions
2021-09-16T00:00:00Z,145531567.2,8,Market Movement
2021-09-17T00:00:00Z,493000848.9,9,Change of Positions
2021-09-17T00:00:00Z,438035879.1,11,Market Movement
2021-09-20T00:00:00Z,245398087.3,7,Change of Positions
2021-09-20T00:00:00Z,977000000,21,Market Movement
2021-09-21T00:00:00Z,188435934.6,5,Change of Positions
2021-09-21T00:00:00Z,288305440.3,7,Market Movement
2021-09-22T00:00:00Z,40715107.85,3,Change of Positions
2021-09-22T00:00:00Z,398310512.4,9,Market Movement
2021-09-23T00:00:00Z,87412291.93,6,Change of Positions
2021-09-23T00:00:00Z,982130064.6,25,Market Movement
2021-09-24T00:00:00Z,35525965.55,3,Change of Positions
2021-09-24T00:00:00Z,591059202.7,23,Market Movement
2021-09-27T00:00:00Z,248872969.7,3,Change of Positions
2021-09-27T00:00:00Z,416307278.7,9,Market Movement
2021-09-28T00:00:00Z,31683507.45,1,Change of Positions
2021-09-28T00:00:00Z,814008047.5,19,Market Movement
2021-09-29T00:00:00Z,250402780.2,5,Change of Positions
2021-09-29T00:00:00Z,354000000,9,Market Movement
2021-09-30T00:00:00Z,144681751.4,7,Change of Positions
2021-09-30T00:00:00Z,180102549.7,7,Market Movement
2021-10-01T00:00:00Z,82482758.62,3,Change of Positions
2021-10-01T00:00:00Z,611500000,12,Market Movement
2021-10-04T00:00:00Z,309806634.6,9,Change of Positions
2021-10-05T00:00:00Z,122756766.1,2,Change of Positions
2021-10-05T00:00:00Z,666054042.4,9,Market Movement
2021-10-06T00:00:00Z,209957633,10,Change of Positions
2021-10-06T00:00:00Z,1129101715,18,Market Movement
2021-10-07T00:00:00Z,255628092,5,Change of Positions
2021-10-07T00:00:00Z,474876055.8,12,Market Movement
2021-10-08T00:00:00Z,50500000,4,Change of Positions
2021-10-08T00:00:00Z,281420018.8,9,Market Movement
2021-10-11T00:00:00Z,215000000,5,Change of Positions
2021-10-11T00:00:00Z,108848442.9,6,Market Movement
2021-10-12T00:00:00Z,150576244.9,7,Change of Positions
2021-10-12T00:00:00Z,101500000,1,Market Movement
2021-10-13T00:00:00Z,427954679.1,7,Change of Positions
2021-10-13T00:00:00Z,1082951689,27,Market Movement
2021-10-14T00:00:00Z,349256766.1,8,Change of Positions
2021-10-14T00:00:00Z,864363040.9,24,Market Movement
2021-10-15T00:00:00Z,232343044.3,4,Change of Positions
2021-10-15T00:00:00Z,265752456.5,4,Market Movement
2021-10-18T00:00:00Z,299247328.5,5,Change of Positions
2021-10-18T00:00:00Z,428344200.2,15,Market Movement
2021-10-19T00:00:00Z,103012012,5,Change of Positions
2021-10-19T00:00:00Z,458996406.4,11,Market Movement
2021-10-21T00:00:00Z,15000000,1,Change of Positions
2021-10-21T00:00:00Z,63410191.79,3,Market Movement
2021-10-22T00:00:00Z,178300515.9,3,Change of Positions
2021-10-22T00:00:00Z,217543422.2,6,Market Movement
2021-10-25T00:00:00Z,43477074.89,2,Change of Positions
2021-10-25T00:00:00Z,30500000,2,Market Movement
2021-10-26T00:00:00Z,34000000,2,Change of Positions
2021-10-26T00:00:00Z,253500000,6,Market Movement
2021-10-27T00:00:00Z,64500000,4,Change of Positions
2021-10-27T00:00:00Z,948084274.4,30,Market Movement
2021-10-28T00:00:00Z,10351073.92,1,Change of Positions
2021-10-28T00:00:00Z,521042780.9,16,Market Movement
2021-10-29T00:00:00Z,230935165.3,6,Change of Positions
2021-10-29T00:00:00Z,732220327.8,21,Market Movement
2021-11-01T00:00:00Z,177141734.3,6,Change of Positions
2021-11-01T00:00:00Z,555758784.6,34,Market Movement
2021-11-02T00:00:00Z,130000000,3,Change of Positions
2021-11-02T00:00:00Z,1266754700,31,Market Movement
2021-11-03T00:00:00Z,78206771.46,4,Change of Positions
2021-11-03T00:00:00Z,156000000,5,Market Movement
2021-11-04T00:00:00Z,164989368.1,8,Change of Positions
2021-11-04T00:00:00Z,783269087,20,Market Movement
2021-11-05T00:00:00Z,35000000,2,Change of Positions
2021-11-05T00:00:00Z,422779099.5,19,Market Movement
2021-11-08T00:00:00Z,67000000,3,Change of Positions
2021-11-08T00:00:00Z,241805293.9,7,Market Movement
2021-11-09T00:00:00Z,149002332.2,4,Change of Positions
2021-11-09T00:00:00Z,382636952.6,15,Market Movement
