FACT_DATE,TYPE,DEBIT_EUR,TYP
28/01/2022,VAR MARGIN PAID,2142585031,EOD
28/01/2022,MARGIN CALL,508981855,EOD
28/01/2022,MARGIN CALL,1310664246,ID
27/01/2022,VAR MARGIN PAID,1914271751,EOD
27/01/2022,MARGIN CALL,1100212735,ID
27/01/2022,MARGIN CALL,510188591,EOD
26/01/2022,VAR MARGIN PAID,2780793306,EOD
26/01/2022,MARGIN CALL,891663390,EOD
26/01/2022,MARGIN CALL,640877906,ID
25/01/2022,VAR MARGIN PAID,1392108726,EOD
25/01/2022,MARGIN CALL,494765443,EOD
25/01/2022,MARGIN CALL,274340777,ID
24/01/2022,MARGIN CALL,2916994728,ID
24/01/2022,VAR MARGIN PAID,4998141873,EOD
24/01/2022,MARGIN CALL,1107725184,EOD
21/01/2022,MARGIN CALL,1046481776,ID
21/01/2022,VAR MARGIN PAID,3801430946,EOD
21/01/2022,MARGIN CALL,948531777,EOD
20/01/2022,MARGIN CALL,714470563,EOD
20/01/2022,VAR MARGIN PAID,2484258019,EOD
20/01/2022,MARGIN CALL,534257806,ID
19/01/2022,MARGIN CALL,311906877,ID
19/01/2022,MARGIN CALL,507895773,EOD
19/01/2022,VAR MARGIN PAID,1156983190,EOD
18/01/2022,VAR MARGIN PAID,1541154690,EOD
18/01/2022,MARGIN CALL,488088100,ID
18/01/2022,MARGIN CALL,628198130,EOD
17/01/2022,VAR MARGIN PAID,2050474099,EOD
17/01/2022,MARGIN CALL,302177467,EOD
17/01/2022,MARGIN CALL,121338775,ID
14/01/2022,VAR MARGIN PAID,3486556784,EOD
14/01/2022,MARGIN CALL,487741775,ID
14/01/2022,MARGIN CALL,419213468,EOD
13/01/2022,MARGIN CALL,650714511,EOD
13/01/2022,VAR MARGIN PAID,2304774218,EOD
13/01/2022,MARGIN CALL,578753642,ID
12/01/2022,VAR MARGIN PAID,2598356416,EOD
12/01/2022,MARGIN CALL,669585752,ID
12/01/2022,MARGIN CALL,835426201,EOD
11/01/2022,MARGIN CALL,387842014,ID
11/01/2022,MARGIN CALL,562245110,EOD
11/01/2022,VAR MARGIN PAID,1870283406,EOD
10/01/2022,MARGIN CALL,351181923,ID
10/01/2022,VAR MARGIN PAID,1766160532,EOD
10/01/2022,MARGIN CALL,613856751,EOD
07/01/2022,VAR MARGIN PAID,1619896528,EOD
07/01/2022,MARGIN CALL,323359701,ID
07/01/2022,MARGIN CALL,514512462,EOD
06/01/2022,MARGIN CALL,1274649068,ID
06/01/2022,VAR MARGIN PAID,2985766256,EOD
06/01/2022,MARGIN CALL,634961313,EOD
05/01/2022,VAR MARGIN PAID,916466607,EOD
05/01/2022,MARGIN CALL,262096519,ID
05/01/2022,MARGIN CALL,542530066,EOD
04/01/2022,MARGIN CALL,716423911,EOD
04/01/2022,MARGIN CALL,523048276,ID
04/01/2022,VAR MARGIN PAID,1131722356,EOD
03/01/2022,MARGIN CALL,527316632,EOD
03/01/2022,MARGIN CALL,560725251,ID
03/01/2022,VAR MARGIN PAID,1854190482,EOD
31/12/2021,MARGIN CALL,431560168,EOD
31/12/2021,MARGIN CALL,29500000,ID
31/12/2021,VAR MARGIN PAID,375648188,EOD
30/12/2021,MARGIN CALL,588659991,EOD
30/12/2021,MARGIN CALL,328396065,ID
30/12/2021,VAR MARGIN PAID,922304524,EOD
29/12/2021,MARGIN CALL,342657128,EOD
29/12/2021,VAR MARGIN PAID,3640165288,EOD
29/12/2021,MARGIN CALL,741064221,ID
28/12/2021,MARGIN CALL,369324527,EOD
28/12/2021,MARGIN CALL,115182376,ID
28/12/2021,VAR MARGIN PAID,1059105104,EOD
27/12/2021,MARGIN CALL,415861756,EOD
27/12/2021,VAR MARGIN PAID,1086562918,EOD
27/12/2021,MARGIN CALL,58910891,ID
24/12/2021,MARGIN CALL,180316928,EOD
24/12/2021,VAR MARGIN PAID,223464863,EOD
23/12/2021,MARGIN CALL,631324283,EOD
23/12/2021,MARGIN CALL,654874738,ID
23/12/2021,VAR MARGIN PAID,3651293968,EOD
22/12/2021,MARGIN CALL,475757826,EOD
22/12/2021,VAR MARGIN PAID,1522553795,EOD
22/12/2021,MARGIN CALL,204826869,ID
21/12/2021,MARGIN CALL,199599168,EOD
21/12/2021,VAR MARGIN PAID,5224409884,EOD
21/12/2021,MARGIN CALL,1021365449,ID
20/12/2021,MARGIN CALL,1018183048,ID
20/12/2021,VAR MARGIN PAID,3004951574,EOD
20/12/2021,MARGIN CALL,753051225,EOD
17/12/2021,VAR MARGIN PAID,2067752308,EOD
17/12/2021,MARGIN CALL,358411297,ID
17/12/2021,MARGIN CALL,5163038407,EOD
16/12/2021,VAR MARGIN PAID,2467709133,EOD
16/12/2021,MARGIN CALL,1413926294,ID
16/12/2021,MARGIN CALL,710794422,EOD
15/12/2021,MARGIN CALL,569183263,EOD
15/12/2021,MARGIN CALL,91500000,ID
15/12/2021,VAR MARGIN PAID,1425093130,EOD
14/12/2021,VAR MARGIN PAID,2329716977,EOD
14/12/2021,MARGIN CALL,445103187,ID
14/12/2021,MARGIN CALL,519083305,EOD
13/12/2021,MARGIN CALL,360072353,ID
13/12/2021,MARGIN CALL,687054909,EOD
13/12/2021,VAR MARGIN PAID,2120869090,EOD
10/12/2021,MARGIN CALL,11500000,ID
10/12/2021,VAR MARGIN PAID,905383270,EOD
10/12/2021,MARGIN CALL,410840265,EOD
09/12/2021,MARGIN CALL,398681903,ID
09/12/2021,MARGIN CALL,373795991,EOD
09/12/2021,VAR MARGIN PAID,2368005764,EOD
08/12/2021,VAR MARGIN PAID,3495732339,EOD
08/12/2021,MARGIN CALL,454346771,ID
08/12/2021,MARGIN CALL,449721862,EOD
07/12/2021,MARGIN CALL,1430001919,ID
07/12/2021,MARGIN CALL,1620043401,EOD
07/12/2021,VAR MARGIN PAID,3804976642,EOD
06/12/2021,MARGIN CALL,1086157545,EOD
06/12/2021,VAR MARGIN PAID,2460508300,EOD
06/12/2021,MARGIN CALL,459377466,ID
03/12/2021,MARGIN CALL,914439690,EOD
03/12/2021,VAR MARGIN PAID,1868642906,EOD
03/12/2021,MARGIN CALL,534894252,ID
02/12/2021,MARGIN CALL,541951977,EOD
02/12/2021,MARGIN CALL,1026506570,ID
02/12/2021,VAR MARGIN PAID,3428397389,EOD
01/12/2021,MARGIN CALL,655859799,EOD
01/12/2021,MARGIN CALL,1096456907,ID
01/12/2021,VAR MARGIN PAID,3468234284,EOD
30/11/2021,MARGIN CALL,521292871,EOD
30/11/2021,MARGIN CALL,1135457274,ID
30/11/2021,VAR MARGIN PAID,2687823959,EOD
29/11/2021,MARGIN CALL,466665715,ID
29/11/2021,VAR MARGIN PAID,1685989257,EOD
29/11/2021,MARGIN CALL,801715114,EOD
26/11/2021,MARGIN CALL,1563344832,EOD
26/11/2021,MARGIN CALL,3771710818,ID
26/11/2021,VAR MARGIN PAID,8710701484,EOD
25/11/2021,MARGIN CALL,232500000,ID
25/11/2021,VAR MARGIN PAID,1693881122,EOD
25/11/2021,MARGIN CALL,467566991,EOD
24/11/2021,MARGIN CALL,562847911,ID
24/11/2021,MARGIN CALL,300107703,EOD
24/11/2021,VAR MARGIN PAID,1999479136,EOD
23/11/2021,VAR MARGIN PAID,4587908828,EOD
23/11/2021,MARGIN CALL,435135945,EOD
23/11/2021,MARGIN CALL,1322716150,ID
22/11/2021,MARGIN CALL,607885872,EOD
22/11/2021,MARGIN CALL,190753292,ID
22/11/2021,VAR MARGIN PAID,2142003521,EOD
19/11/2021,MARGIN CALL,1480438849,EOD
19/11/2021,MARGIN CALL,936236797,ID
19/11/2021,VAR MARGIN PAID,3656884453,EOD
18/11/2021,VAR MARGIN PAID,2454998294,EOD
18/11/2021,MARGIN CALL,296204047,EOD
18/11/2021,MARGIN CALL,288106121,ID
17/11/2021,MARGIN CALL,163114882,ID
17/11/2021,VAR MARGIN PAID,620755323,EOD
17/11/2021,MARGIN CALL,512543323,EOD
16/11/2021,MARGIN CALL,291943823,EOD
16/11/2021,MARGIN CALL,153458374,ID
16/11/2021,VAR MARGIN PAID,1845515005,EOD
15/11/2021,MARGIN CALL,311574704,EOD
15/11/2021,VAR MARGIN PAID,1058323694,EOD
15/11/2021,MARGIN CALL,38422754,ID
12/11/2021,MARGIN CALL,451137393,EOD
12/11/2021,MARGIN CALL,381947939,ID
12/11/2021,VAR MARGIN PAID,2131721880,EOD
11/11/2021,MARGIN CALL,489946722,EOD
11/11/2021,MARGIN CALL,240000000,ID
11/11/2021,VAR MARGIN PAID,2141500272,EOD
10/11/2021,MARGIN CALL,302121544,ID
10/11/2021,VAR MARGIN PAID,2942065133,EOD
10/11/2021,MARGIN CALL,441277924,EOD
09/11/2021,MARGIN CALL,442436286,EOD
09/11/2021,VAR MARGIN PAID,3160799192,EOD
09/11/2021,MARGIN CALL,531639285,ID
08/11/2021,MARGIN CALL,234506147,EOD
08/11/2021,VAR MARGIN PAID,1977054968,EOD
08/11/2021,MARGIN CALL,308805294,ID
05/11/2021,MARGIN CALL,457779099,ID
05/11/2021,VAR MARGIN PAID,3818755219,EOD
05/11/2021,MARGIN CALL,506569371,EOD
04/11/2021,VAR MARGIN PAID,3501792615,EOD
04/11/2021,MARGIN CALL,948258456,ID
04/11/2021,MARGIN CALL,539575983,EOD
03/11/2021,MARGIN CALL,425694487,EOD
03/11/2021,MARGIN CALL,234206771,ID
03/11/2021,VAR MARGIN PAID,881122134,EOD
02/11/2021,MARGIN CALL,452434097,EOD
02/11/2021,MARGIN CALL,1396754701,ID
02/11/2021,VAR MARGIN PAID,4105987184,EOD
01/11/2021,MARGIN CALL,615495254,EOD
01/11/2021,MARGIN CALL,732900519,ID
01/11/2021,VAR MARGIN PAID,1948962217,EOD
29/10/2021,VAR MARGIN PAID,3618292903,EOD
29/10/2021,MARGIN CALL,964254219,EOD
29/10/2021,MARGIN CALL,963155437,ID
28/10/2021,MARGIN CALL,531393855,ID
28/10/2021,VAR MARGIN PAID,1735235810,EOD
28/10/2021,MARGIN CALL,605265485,EOD
27/10/2021,MARGIN CALL,1013823598,ID
27/10/2021,MARGIN CALL,431663385,EOD
27/10/2021,VAR MARGIN PAID,4515441398,EOD
26/10/2021,VAR MARGIN PAID,1325203151,EOD
26/10/2021,MARGIN CALL,287500000,ID
26/10/2021,MARGIN CALL,436892929,EOD
25/10/2021,MARGIN CALL,282812307,EOD
25/10/2021,VAR MARGIN PAID,1313470623,EOD
25/10/2021,MARGIN CALL,73977075,ID
22/10/2021,MARGIN CALL,884022460,EOD
22/10/2021,MARGIN CALL,395843938,ID
22/10/2021,VAR MARGIN PAID,2119879535,EOD
21/10/2021,MARGIN CALL,404343423,EOD
21/10/2021,MARGIN CALL,78410192,ID
21/10/2021,VAR MARGIN PAID,1724798184,EOD
20/10/2021,VAR MARGIN PAID,933652408,EOD
20/10/2021,MARGIN CALL,414948881,EOD
19/10/2021,MARGIN CALL,562008280,ID
19/10/2021,MARGIN CALL,480886514,EOD
19/10/2021,VAR MARGIN PAID,2176968970,EOD
18/10/2021,MARGIN CALL,727591529,ID
18/10/2021,VAR MARGIN PAID,2310388443,EOD
18/10/2021,MARGIN CALL,359096066,EOD
15/10/2021,VAR MARGIN PAID,2211410199,EOD
15/10/2021,MARGIN CALL,503657401,EOD
15/10/2021,MARGIN CALL,498095501,ID
14/10/2021,MARGIN CALL,1213619807,ID
14/10/2021,VAR MARGIN PAID,3799684183,EOD
14/10/2021,MARGIN CALL,791033460,EOD
13/10/2021,MARGIN CALL,1510906368,ID
13/10/2021,VAR MARGIN PAID,3835519386,EOD
13/10/2021,MARGIN CALL,630614965,EOD
12/10/2021,VAR MARGIN PAID,1541139995,EOD
12/10/2021,MARGIN CALL,414218737,EOD
12/10/2021,MARGIN CALL,252076239,ID
11/10/2021,VAR MARGIN PAID,2282949333,EOD
11/10/2021,MARGIN CALL,323848443,ID
11/10/2021,MARGIN CALL,405451234,EOD
08/10/2021,VAR MARGIN PAID,2132624181,EOD
08/10/2021,MARGIN CALL,331920019,ID
08/10/2021,MARGIN CALL,698460048,EOD
07/10/2021,MARGIN CALL,730504148,ID
07/10/2021,MARGIN CALL,766638289,EOD
07/10/2021,VAR MARGIN PAID,3016828170,EOD
06/10/2021,MARGIN CALL,373527431,EOD
06/10/2021,VAR MARGIN PAID,1750883434,EOD
06/10/2021,MARGIN CALL,1339059348,ID
05/10/2021,VAR MARGIN PAID,3279755470,EOD
05/10/2021,MARGIN CALL,788810808,ID
05/10/2021,MARGIN CALL,894992508,EOD
04/10/2021,MARGIN CALL,309806635,ID
04/10/2021,VAR MARGIN PAID,1446871060,EOD
04/10/2021,MARGIN CALL,357102268,EOD
01/10/2021,MARGIN CALL,610817983,EOD
01/10/2021,MARGIN CALL,693982759,ID
01/10/2021,VAR MARGIN PAID,2145006931,EOD
30/09/2021,MARGIN CALL,504661653,EOD
30/09/2021,MARGIN CALL,324784301,ID
30/09/2021,VAR MARGIN PAID,1590139189,EOD
29/09/2021,MARGIN CALL,604402780,ID
29/09/2021,VAR MARGIN PAID,1543162127,EOD
29/09/2021,MARGIN CALL,817781818,EOD
28/09/2021,VAR MARGIN PAID,3296889177,EOD
28/09/2021,MARGIN CALL,713667200,EOD
28/09/2021,MARGIN CALL,845691555,ID
27/09/2021,MARGIN CALL,665180249,ID
27/09/2021,VAR MARGIN PAID,1252441901,EOD
27/09/2021,MARGIN CALL,443090480,EOD
24/09/2021,MARGIN CALL,394906690,EOD
24/09/2021,VAR MARGIN PAID,2827967514,EOD
24/09/2021,MARGIN CALL,626590075,ID
23/09/2021,VAR MARGIN PAID,3647994356,EOD
23/09/2021,MARGIN CALL,700214778,EOD
23/09/2021,MARGIN CALL,1069542156,ID
22/09/2021,MARGIN CALL,439025620,ID
22/09/2021,MARGIN CALL,783075899,EOD
22/09/2021,VAR MARGIN PAID,2082104050,EOD
21/09/2021,MARGIN CALL,576290578,EOD
21/09/2021,VAR MARGIN PAID,2076865028,EOD
21/09/2021,MARGIN CALL,476741358,ID
20/09/2021,MARGIN CALL,1222398087,ID
20/09/2021,VAR MARGIN PAID,3592399914,EOD
20/09/2021,MARGIN CALL,619931939,EOD
17/09/2021,VAR MARGIN PAID,2453818698,EOD
17/09/2021,MARGIN CALL,2536509702,EOD
17/09/2021,MARGIN CALL,931036728,ID
16/09/2021,VAR MARGIN PAID,1365010357,EOD
16/09/2021,MARGIN CALL,1154718495,EOD
16/09/2021,MARGIN CALL,408803385,ID
15/09/2021,MARGIN CALL,345566607,ID
15/09/2021,VAR MARGIN PAID,2167224089,EOD
15/09/2021,MARGIN CALL,774363219,EOD
14/09/2021,MARGIN CALL,412505072,EOD
14/09/2021,VAR MARGIN PAID,1047127411,EOD
14/09/2021,MARGIN CALL,724403525,ID
13/09/2021,MARGIN CALL,543850292,EOD
13/09/2021,MARGIN CALL,735386475,ID
13/09/2021,VAR MARGIN PAID,987896222,EOD
10/09/2021,MARGIN CALL,531061078,EOD
10/09/2021,VAR MARGIN PAID,1532926079,EOD
10/09/2021,MARGIN CALL,107000000,ID
09/09/2021,VAR MARGIN PAID,1924666769,EOD
09/09/2021,MARGIN CALL,460437019,EOD
09/09/2021,MARGIN CALL,755011945,ID
08/09/2021,MARGIN CALL,671304788,EOD
08/09/2021,VAR MARGIN PAID,1786867434,EOD
08/09/2021,MARGIN CALL,559234464,ID
07/09/2021,MARGIN CALL,474097687,EOD
07/09/2021,VAR MARGIN PAID,2485558490,EOD
07/09/2021,MARGIN CALL,452525329,ID
06/09/2021,MARGIN CALL,944189528,EOD
06/09/2021,MARGIN CALL,426583888,ID
06/09/2021,VAR MARGIN PAID,1283363730,EOD
03/09/2021,MARGIN CALL,654302561,ID
03/09/2021,MARGIN CALL,392340763,EOD
03/09/2021,VAR MARGIN PAID,1822557591,EOD
02/09/2021,MARGIN CALL,504154146,EOD
02/09/2021,MARGIN CALL,476036299,ID
02/09/2021,VAR MARGIN PAID,1002317670,EOD
01/09/2021,VAR MARGIN PAID,1941190669,EOD
01/09/2021,MARGIN CALL,519348420,ID
01/09/2021,MARGIN CALL,395466141,EOD
31/08/2021,MARGIN CALL,418040470,ID
31/08/2021,VAR MARGIN PAID,2500661587,EOD
31/08/2021,MARGIN CALL,688029614,EOD
30/08/2021,MARGIN CALL,48861283,ID
30/08/2021,MARGIN CALL,1096142046,EOD
30/08/2021,VAR MARGIN PAID,1009607894,EOD
27/08/2021,VAR MARGIN PAID,1005523951,EOD
27/08/2021,MARGIN CALL,101508035,ID
27/08/2021,MARGIN CALL,298665263,EOD
26/08/2021,VAR MARGIN PAID,672616314,EOD
26/08/2021,MARGIN CALL,246501237,EOD
26/08/2021,MARGIN CALL,23500000,ID
25/08/2021,MARGIN CALL,765736349,ID
25/08/2021,MARGIN CALL,351982136,EOD
25/08/2021,VAR MARGIN PAID,3171081242,EOD
24/08/2021,MARGIN CALL,215358196,EOD
24/08/2021,VAR MARGIN PAID,1180800527,EOD
24/08/2021,MARGIN CALL,143500000,ID
23/08/2021,MARGIN CALL,215662528,EOD
23/08/2021,MARGIN CALL,146877962,ID
23/08/2021,VAR MARGIN PAID,1567807068,EOD
20/08/2021,VAR MARGIN PAID,1047636403,EOD
20/08/2021,MARGIN CALL,520570408,EOD
20/08/2021,MARGIN CALL,54126467,ID
19/08/2021,MARGIN CALL,893917237,ID
19/08/2021,VAR MARGIN PAID,2472423603,EOD
19/08/2021,MARGIN CALL,420191533,EOD
18/08/2021,VAR MARGIN PAID,888016313,EOD
18/08/2021,MARGIN CALL,443800679,EOD
17/08/2021,VAR MARGIN PAID,1061626936,EOD
17/08/2021,MARGIN CALL,442460653,EOD
17/08/2021,MARGIN CALL,296757970,ID
16/08/2021,MARGIN CALL,92500000,ID
16/08/2021,VAR MARGIN PAID,1180919888,EOD
16/08/2021,MARGIN CALL,191764471,EOD
13/08/2021,MARGIN CALL,246745505,EOD
13/08/2021,VAR MARGIN PAID,808929487,EOD
13/08/2021,MARGIN CALL,56624309,ID
12/08/2021,MARGIN CALL,112889854,ID
12/08/2021,MARGIN CALL,521851916,EOD
12/08/2021,VAR MARGIN PAID,964278634,EOD
11/08/2021,MARGIN CALL,98349889,ID
11/08/2021,MARGIN CALL,425164853,EOD
11/08/2021,VAR MARGIN PAID,694279974,EOD
10/08/2021,VAR MARGIN PAID,769527574,EOD
10/08/2021,MARGIN CALL,26500000,ID
10/08/2021,MARGIN CALL,252216302,EOD
09/08/2021,VAR MARGIN PAID,934772676,EOD
09/08/2021,MARGIN CALL,749730429,EOD
09/08/2021,MARGIN CALL,101379687,ID
06/08/2021,MARGIN CALL,383152266,EOD
06/08/2021,MARGIN CALL,478184180,ID
06/08/2021,VAR MARGIN PAID,2805521071,EOD
05/08/2021,MARGIN CALL,780853197,EOD
05/08/2021,VAR MARGIN PAID,1297080987,EOD
05/08/2021,MARGIN CALL,311816456,ID
04/08/2021,VAR MARGIN PAID,1293780573,EOD
04/08/2021,MARGIN CALL,164075542,ID
04/08/2021,MARGIN CALL,578609744,EOD
03/08/2021,VAR MARGIN PAID,928158991,EOD
03/08/2021,MARGIN CALL,266290457,EOD
03/08/2021,MARGIN CALL,47065839,ID
02/08/2021,VAR MARGIN PAID,1968509584,EOD
02/08/2021,MARGIN CALL,709580650,EOD
02/08/2021,MARGIN CALL,222781760,ID
30/07/2021,VAR MARGIN PAID,1466975442,EOD
30/07/2021,MARGIN CALL,625009594,EOD
30/07/2021,MARGIN CALL,149797914,ID
29/07/2021,VAR MARGIN PAID,1077936714,EOD
29/07/2021,MARGIN CALL,345939225,ID
29/07/2021,MARGIN CALL,401538736,EOD
28/07/2021,MARGIN CALL,361483188,ID
28/07/2021,MARGIN CALL,580932773,EOD
28/07/2021,VAR MARGIN PAID,1625276349,EOD
27/07/2021,VAR MARGIN PAID,1977680769,EOD
27/07/2021,MARGIN CALL,395000000,ID
27/07/2021,MARGIN CALL,355665032,EOD
26/07/2021,MARGIN CALL,442875854,ID
26/07/2021,MARGIN CALL,284520565,EOD
26/07/2021,VAR MARGIN PAID,1010677583,EOD
23/07/2021,MARGIN CALL,406035129,ID
23/07/2021,VAR MARGIN PAID,2001001184,EOD
23/07/2021,MARGIN CALL,1504340361,EOD
22/07/2021,MARGIN CALL,431061421,EOD
22/07/2021,MARGIN CALL,344569002,ID
22/07/2021,VAR MARGIN PAID,1821363637,EOD
21/07/2021,MARGIN CALL,778941887,EOD
21/07/2021,MARGIN CALL,380367424,ID
21/07/2021,VAR MARGIN PAID,2916838599,EOD
20/07/2021,MARGIN CALL,387624866,EOD
20/07/2021,VAR MARGIN PAID,1781189869,EOD
20/07/2021,MARGIN CALL,417774947,ID
19/07/2021,MARGIN CALL,754248342,EOD
19/07/2021,VAR MARGIN PAID,4603814728,EOD
19/07/2021,MARGIN CALL,1233550739,ID
16/07/2021,MARGIN CALL,449600114,EOD
16/07/2021,MARGIN CALL,96911879,ID
16/07/2021,VAR MARGIN PAID,1559067508,EOD
15/07/2021,MARGIN CALL,106359641,ID
15/07/2021,MARGIN CALL,452512918,EOD
15/07/2021,VAR MARGIN PAID,1604510855,EOD
14/07/2021,VAR MARGIN PAID,946422314,EOD
14/07/2021,MARGIN CALL,238678301,EOD
14/07/2021,MARGIN CALL,246013990,ID
13/07/2021,MARGIN CALL,368695483,EOD
13/07/2021,MARGIN CALL,118000000,ID
13/07/2021,VAR MARGIN PAID,676035050,EOD
12/07/2021,MARGIN CALL,265857914,ID
12/07/2021,MARGIN CALL,1620396627,EOD
12/07/2021,VAR MARGIN PAID,974842386,EOD
09/07/2021,MARGIN CALL,581808041,ID
09/07/2021,MARGIN CALL,522874149,EOD
09/07/2021,VAR MARGIN PAID,3223918091,EOD
08/07/2021,VAR MARGIN PAID,3289726295,EOD
08/07/2021,MARGIN CALL,492856680,EOD
08/07/2021,MARGIN CALL,1086369876,ID
07/07/2021,MARGIN CALL,496796491,EOD
07/07/2021,MARGIN CALL,485553461,ID
07/07/2021,VAR MARGIN PAID,2388020049,EOD
06/07/2021,MARGIN CALL,553531570,EOD
06/07/2021,VAR MARGIN PAID,3335687805,EOD
06/07/2021,MARGIN CALL,697321338,ID
05/07/2021,MARGIN CALL,381113480,EOD
05/07/2021,MARGIN CALL,196542061,ID
05/07/2021,VAR MARGIN PAID,1417404803,EOD
02/07/2021,VAR MARGIN PAID,1963551659,EOD
02/07/2021,MARGIN CALL,364194748,ID
02/07/2021,MARGIN CALL,535173835,EOD
01/07/2021,VAR MARGIN PAID,1102323037,EOD
01/07/2021,MARGIN CALL,443939414,ID
01/07/2021,MARGIN CALL,545470179,EOD
30/06/2021,MARGIN CALL,330305419,EOD
30/06/2021,VAR MARGIN PAID,2310726943,EOD
30/06/2021,MARGIN CALL,663732918,ID
29/06/2021,MARGIN CALL,144014805,ID
29/06/2021,VAR MARGIN PAID,1234261970,EOD
29/06/2021,MARGIN CALL,549939846,EOD
28/06/2021,MARGIN CALL,152467674,ID
28/06/2021,VAR MARGIN PAID,1646233664,EOD
28/06/2021,MARGIN CALL,548361247,EOD
25/06/2021,VAR MARGIN PAID,1941729191,EOD
25/06/2021,MARGIN CALL,234278775,ID
25/06/2021,MARGIN CALL,187512484,EOD
24/06/2021,VAR MARGIN PAID,1441894200,EOD
24/06/2021,MARGIN CALL,370735488,ID
24/06/2021,MARGIN CALL,803708308,EOD
23/06/2021,MARGIN CALL,240354026,EOD
23/06/2021,VAR MARGIN PAID,1577206575,EOD
23/06/2021,MARGIN CALL,267214501,ID
22/06/2021,MARGIN CALL,214982596,EOD
22/06/2021,VAR MARGIN PAID,1049880392,EOD
22/06/2021,MARGIN CALL,170134564,ID
21/06/2021,MARGIN CALL,870149253,ID
21/06/2021,MARGIN CALL,1321464296,EOD
21/06/2021,VAR MARGIN PAID,2250046915,EOD
18/06/2021,MARGIN CALL,3175152629,EOD
18/06/2021,MARGIN CALL,968153219,ID
18/06/2021,VAR MARGIN PAID,3376175180,EOD
17/06/2021,MARGIN CALL,845892831,EOD
17/06/2021,MARGIN CALL,500058696,ID
17/06/2021,VAR MARGIN PAID,963573681,EOD
16/06/2021,MARGIN CALL,159644837,ID
16/06/2021,VAR MARGIN PAID,809469095,EOD
16/06/2021,MARGIN CALL,733651286,EOD
15/06/2021,VAR MARGIN PAID,1346531315,EOD
15/06/2021,MARGIN CALL,346363561,ID
15/06/2021,MARGIN CALL,339712387,EOD
14/06/2021,MARGIN CALL,366073870,EOD
14/06/2021,VAR MARGIN PAID,1066557615,EOD
14/06/2021,MARGIN CALL,135135403,ID
11/06/2021,MARGIN CALL,575090634,ID
11/06/2021,MARGIN CALL,735281328,EOD
11/06/2021,VAR MARGIN PAID,1735196482,EOD
10/06/2021,VAR MARGIN PAID,1012382291,EOD
10/06/2021,MARGIN CALL,218569397,EOD
10/06/2021,MARGIN CALL,168500000,ID
09/06/2021,MARGIN CALL,483320828,ID
09/06/2021,VAR MARGIN PAID,1767015486,EOD
09/06/2021,MARGIN CALL,490105776,EOD
08/06/2021,MARGIN CALL,296813205,EOD
08/06/2021,MARGIN CALL,320857823,ID
08/06/2021,VAR MARGIN PAID,1247513456,EOD
07/06/2021,MARGIN CALL,1300686732,EOD
07/06/2021,VAR MARGIN PAID,820718943,EOD
07/06/2021,MARGIN CALL,139023994,ID
04/06/2021,MARGIN CALL,492380874,EOD
04/06/2021,MARGIN CALL,401586036,ID
04/06/2021,VAR MARGIN PAID,1459901029,EOD
03/06/2021,MARGIN CALL,296456523,EOD
03/06/2021,VAR MARGIN PAID,1515447917,EOD
03/06/2021,MARGIN CALL,562401206,ID
02/06/2021,MARGIN CALL,263771459,ID
02/06/2021,MARGIN CALL,598208845,EOD
02/06/2021,VAR MARGIN PAID,1173307293,EOD
01/06/2021,MARGIN CALL,666266273,EOD
01/06/2021,MARGIN CALL,504904908,ID
01/06/2021,VAR MARGIN PAID,1377202307,EOD
31/05/2021,MARGIN CALL,270842464,EOD
31/05/2021,VAR MARGIN PAID,1113562351,EOD
31/05/2021,MARGIN CALL,130000000,ID
28/05/2021,MARGIN CALL,582460126,EOD
28/05/2021,VAR MARGIN PAID,1408602426,EOD
28/05/2021,MARGIN CALL,352001482,ID
27/05/2021,MARGIN CALL,102740859,ID
27/05/2021,MARGIN CALL,542992935,EOD
27/05/2021,VAR MARGIN PAID,1983181678,EOD
26/05/2021,MARGIN CALL,348161901,EOD
26/05/2021,MARGIN CALL,549443157,ID
26/05/2021,VAR MARGIN PAID,2174220136,EOD
25/05/2021,MARGIN CALL,579395641,EOD
25/05/2021,VAR MARGIN PAID,1375231393,EOD
25/05/2021,MARGIN CALL,139115786,ID
24/05/2021,MARGIN CALL,414747460,EOD
24/05/2021,MARGIN CALL,114781035,ID
24/05/2021,VAR MARGIN PAID,1098422708,EOD
21/05/2021,MARGIN CALL,594049827,EOD
21/05/2021,VAR MARGIN PAID,1807256026,EOD
21/05/2021,MARGIN CALL,415699541,ID
20/05/2021,VAR MARGIN PAID,2044533356,EOD
20/05/2021,MARGIN CALL,758754990,EOD
20/05/2021,MARGIN CALL,471912071,ID
19/05/2021,MARGIN CALL,1136865098,ID
19/05/2021,VAR MARGIN PAID,2453901108,EOD
19/05/2021,MARGIN CALL,469013917,EOD
18/05/2021,MARGIN CALL,221203539,EOD
18/05/2021,MARGIN CALL,100500000,ID
18/05/2021,VAR MARGIN PAID,1143478204,EOD
17/05/2021,MARGIN CALL,86057811,ID
17/05/2021,MARGIN CALL,385836938,EOD
17/05/2021,VAR MARGIN PAID,885047623,EOD
14/05/2021,VAR MARGIN PAID,2183218017,EOD
14/05/2021,MARGIN CALL,779443909,EOD
14/05/2021,MARGIN CALL,826883568,ID
13/05/2021,MARGIN CALL,404078684,EOD
13/05/2021,VAR MARGIN PAID,860444724,EOD
13/05/2021,MARGIN CALL,927094322,ID
12/05/2021,MARGIN CALL,530763416,ID
12/05/2021,MARGIN CALL,718088393,EOD
12/05/2021,VAR MARGIN PAID,1728450481,EOD
11/05/2021,MARGIN CALL,497700112,EOD
11/05/2021,VAR MARGIN PAID,4168060041,EOD
11/05/2021,MARGIN CALL,1321697792,ID
10/05/2021,VAR MARGIN PAID,1170740309,EOD
10/05/2021,MARGIN CALL,44219982,ID
10/05/2021,MARGIN CALL,471450193,EOD
07/05/2021,MARGIN CALL,221987431,ID
07/05/2021,MARGIN CALL,535676380,EOD
07/05/2021,VAR MARGIN PAID,1669266777,EOD
06/05/2021,VAR MARGIN PAID,596469320,EOD
06/05/2021,MARGIN CALL,59224503,ID
06/05/2021,MARGIN CALL,569806502,EOD
05/05/2021,MARGIN CALL,1328376182,EOD
05/05/2021,VAR MARGIN PAID,2639382350,EOD
05/05/2021,MARGIN CALL,713484293,ID
04/05/2021,MARGIN CALL,840547875,ID
04/05/2021,MARGIN CALL,1106875353,EOD
04/05/2021,VAR MARGIN PAID,3336345588,EOD
03/05/2021,MARGIN CALL,365732519,ID
03/05/2021,MARGIN CALL,765280314,EOD
03/05/2021,VAR MARGIN PAID,977748675,EOD
30/04/2021,VAR MARGIN PAID,1016706652,EOD
30/04/2021,MARGIN CALL,304225873,ID
30/04/2021,MARGIN CALL,438435012,EOD
29/04/2021,MARGIN CALL,594143350,ID
29/04/2021,MARGIN CALL,531219332,EOD
29/04/2021,VAR MARGIN PAID,2268318426,EOD
28/04/2021,MARGIN CALL,478161492,ID
28/04/2021,MARGIN CALL,629062152,EOD
28/04/2021,VAR MARGIN PAID,1397184155,EOD
27/04/2021,MARGIN CALL,334325995,EOD
27/04/2021,MARGIN CALL,40581734,ID
27/04/2021,VAR MARGIN PAID,929335144,EOD
26/04/2021,MARGIN CALL,685351460,EOD
26/04/2021,VAR MARGIN PAID,665130123,EOD
26/04/2021,MARGIN CALL,83464106,ID
23/04/2021,MARGIN CALL,455954221,EOD
23/04/2021,MARGIN CALL,108445301,ID
23/04/2021,VAR MARGIN PAID,773180708,EOD
22/04/2021,MARGIN CALL,677917837,EOD
22/04/2021,VAR MARGIN PAID,1299405774,EOD
22/04/2021,MARGIN CALL,607073966,ID
21/04/2021,MARGIN CALL,470675377,EOD
21/04/2021,VAR MARGIN PAID,1919085038,EOD
21/04/2021,MARGIN CALL,470755601,ID
20/04/2021,VAR MARGIN PAID,2756911667,EOD
20/04/2021,MARGIN CALL,621067431,EOD
20/04/2021,MARGIN CALL,562942453,ID
19/04/2021,MARGIN CALL,760688045,EOD
19/04/2021,MARGIN CALL,568066646,ID
19/04/2021,VAR MARGIN PAID,1422925769,EOD
16/04/2021,MARGIN CALL,775773990,EOD
16/04/2021,MARGIN CALL,238454930,ID
16/04/2021,VAR MARGIN PAID,1828396740,EOD
15/04/2021,MARGIN CALL,288982456,ID
15/04/2021,VAR MARGIN PAID,1765574998,EOD
15/04/2021,MARGIN CALL,471023571,EOD
14/04/2021,MARGIN CALL,592329452,EOD
14/04/2021,MARGIN CALL,94289845,ID
14/04/2021,VAR MARGIN PAID,1614300016,EOD
13/04/2021,MARGIN CALL,612477688,EOD
13/04/2021,VAR MARGIN PAID,506899896,EOD
13/04/2021,MARGIN CALL,127000000,ID
12/04/2021,MARGIN CALL,87500000,ID
12/04/2021,MARGIN CALL,232444992,EOD
12/04/2021,VAR MARGIN PAID,1091121238,EOD
09/04/2021,VAR MARGIN PAID,1585814696,EOD
09/04/2021,MARGIN CALL,265349917,ID
09/04/2021,MARGIN CALL,274680038,EOD
08/04/2021,VAR MARGIN PAID,1132076222,EOD
08/04/2021,MARGIN CALL,251397833,EOD
08/04/2021,MARGIN CALL,70500000,ID
07/04/2021,MARGIN CALL,69859812,ID
07/04/2021,VAR MARGIN PAID,711748593,EOD
07/04/2021,MARGIN CALL,353416086,EOD
06/04/2021,VAR MARGIN PAID,1160981069,EOD
06/04/2021,MARGIN CALL,554649133,ID
06/04/2021,MARGIN CALL,1266473586,EOD
01/04/2021,MARGIN CALL,883214101,EOD
01/04/2021,MARGIN CALL,533210284,ID
01/04/2021,VAR MARGIN PAID,1847859649,EOD
31/03/2021,MARGIN CALL,521329383,EOD
31/03/2021,MARGIN CALL,143437100,ID
31/03/2021,VAR MARGIN PAID,1017829726,EOD
30/03/2021,VAR MARGIN PAID,2099082210,EOD
30/03/2021,MARGIN CALL,648202962,EOD
30/03/2021,MARGIN CALL,814304720,ID
29/03/2021,MARGIN CALL,351788900,EOD
29/03/2021,MARGIN CALL,282146127,ID
29/03/2021,VAR MARGIN PAID,1684667466,EOD
26/03/2021,VAR MARGIN PAID,2034657728,EOD
26/03/2021,MARGIN CALL,442825236,ID
26/03/2021,MARGIN CALL,274658859,EOD
25/03/2021,MARGIN CALL,438328324,EOD
25/03/2021,MARGIN CALL,323668277,ID
25/03/2021,VAR MARGIN PAID,1519490940,EOD
24/03/2021,MARGIN CALL,214048480,EOD
24/03/2021,MARGIN CALL,307500000,ID
24/03/2021,VAR MARGIN PAID,1127437804,EOD
23/03/2021,MARGIN CALL,270459090,EOD
23/03/2021,MARGIN CALL,1313856896,ID
23/03/2021,VAR MARGIN PAID,1620148652,EOD
22/03/2021,VAR MARGIN PAID,862936144,EOD
22/03/2021,MARGIN CALL,291835774,ID
22/03/2021,MARGIN CALL,618208380,EOD
19/03/2021,MARGIN CALL,4903104791,EOD
19/03/2021,MARGIN CALL,600621592,ID
19/03/2021,VAR MARGIN PAID,1964493589,EOD
18/03/2021,MARGIN CALL,1323286029,EOD
18/03/2021,MARGIN CALL,491154079,ID
18/03/2021,VAR MARGIN PAID,2125616912,EOD
17/03/2021,MARGIN CALL,842522191,ID
17/03/2021,MARGIN CALL,1086189780,EOD
17/03/2021,VAR MARGIN PAID,2389354936,EOD
16/03/2021,MARGIN CALL,728432249,ID
16/03/2021,VAR MARGIN PAID,1042815800,EOD
16/03/2021,VAR MARGIN PAID,1933921,ID
16/03/2021,MARGIN CALL,556253653,EOD
15/03/2021,MARGIN CALL,417978453,ID
15/03/2021,VAR MARGIN PAID,1743870538,EOD
15/03/2021,MARGIN CALL,420479735,EOD
12/03/2021,VAR MARGIN PAID,2580733260,EOD
12/03/2021,MARGIN CALL,1155434819,ID
12/03/2021,MARGIN CALL,562336362,EOD
11/03/2021,VAR MARGIN PAID,1763067214,EOD
11/03/2021,MARGIN CALL,529091192,EOD
11/03/2021,MARGIN CALL,662917333,ID
10/03/2021,MARGIN CALL,216282711,ID
10/03/2021,MARGIN CALL,449925178,EOD
10/03/2021,VAR MARGIN PAID,1814856919,EOD
09/03/2021,MARGIN CALL,782438455,ID
09/03/2021,VAR MARGIN PAID,1817389702,EOD
09/03/2021,MARGIN CALL,626317626,EOD
08/03/2021,VAR MARGIN PAID,3379440891,EOD
08/03/2021,MARGIN CALL,1499155880,ID
08/03/2021,MARGIN CALL,1675294126,EOD
05/03/2021,MARGIN CALL,753194505,ID
05/03/2021,MARGIN CALL,835803672,EOD
05/03/2021,VAR MARGIN PAID,2430719482,EOD
04/03/2021,MARGIN CALL,357934826,EOD
04/03/2021,MARGIN CALL,438054762,ID
04/03/2021,VAR MARGIN PAID,1662282603,EOD
03/03/2021,VAR MARGIN PAID,2517348056,EOD
03/03/2021,MARGIN CALL,587287167,EOD
03/03/2021,MARGIN CALL,1350538464,ID
02/03/2021,VAR MARGIN PAID,1010396460,EOD
02/03/2021,MARGIN CALL,771404786,EOD
02/03/2021,MARGIN CALL,818211592,ID
01/03/2021,MARGIN CALL,1457393544,ID
01/03/2021,MARGIN CALL,1103531310,EOD
01/03/2021,VAR MARGIN PAID,4077496119,EOD
26/02/2021,VAR MARGIN PAID,3712239268,EOD
26/02/2021,MARGIN CALL,1047099183,ID
26/02/2021,MARGIN CALL,992723566,EOD
25/02/2021,MARGIN CALL,783589339,ID
25/02/2021,MARGIN CALL,376983661,EOD
25/02/2021,VAR MARGIN PAID,2514300711,EOD
24/02/2021,MARGIN CALL,490815320,ID
24/02/2021,MARGIN CALL,599291488,EOD
24/02/2021,VAR MARGIN PAID,1840168934,EOD
23/02/2021,MARGIN CALL,362427813,EOD
23/02/2021,MARGIN CALL,937951582,ID
23/02/2021,VAR MARGIN PAID,1844053257,EOD
22/02/2021,VAR MARGIN PAID,2267311388,EOD
22/02/2021,MARGIN CALL,417899877,EOD
22/02/2021,MARGIN CALL,863715569,ID
19/02/2021,MARGIN CALL,409009771,ID
19/02/2021,MARGIN CALL,1467234591,EOD
19/02/2021,VAR MARGIN PAID,2386301034,EOD
18/02/2021,MARGIN CALL,448966741,ID
18/02/2021,VAR MARGIN PAID,1498471052,EOD
18/02/2021,MARGIN CALL,308724610,EOD
17/02/2021,MARGIN CALL,442073637,ID
17/02/2021,MARGIN CALL,453659872,EOD
17/02/2021,VAR MARGIN PAID,1277875193,EOD
16/02/2021,MARGIN CALL,364309311,EOD
16/02/2021,MARGIN CALL,305168953,ID
16/02/2021,VAR MARGIN PAID,1521893216,EOD
15/02/2021,MARGIN CALL,950923292,EOD
15/02/2021,MARGIN CALL,921161467,ID
15/02/2021,VAR MARGIN PAID,2939360123,EOD
12/02/2021,MARGIN CALL,282997291,EOD
12/02/2021,MARGIN CALL,539972959,ID
12/02/2021,VAR MARGIN PAID,2105718823,EOD
11/02/2021,MARGIN CALL,238576439,ID
11/02/2021,VAR MARGIN PAID,1678792446,EOD
11/02/2021,MARGIN CALL,662691730,EOD
10/02/2021,MARGIN CALL,192159644,ID
10/02/2021,VAR MARGIN PAID,1065503580,EOD
10/02/2021,MARGIN CALL,362282953,EOD
09/02/2021,MARGIN CALL,448175556,EOD
09/02/2021,MARGIN CALL,87418044,ID
09/02/2021,VAR MARGIN PAID,898330954,EOD
08/02/2021,MARGIN CALL,602251056,EOD
08/02/2021,VAR MARGIN PAID,1100526674,EOD
08/02/2021,MARGIN CALL,278238533,ID
05/02/2021,VAR MARGIN PAID,1349876959,EOD
05/02/2021,MARGIN CALL,368708868,ID
05/02/2021,MARGIN CALL,427346439,EOD
04/02/2021,MARGIN CALL,838518073,EOD
04/02/2021,MARGIN CALL,385121707,ID
04/02/2021,VAR MARGIN PAID,1451842183,EOD
03/02/2021,MARGIN CALL,353576190,EOD
03/02/2021,VAR MARGIN PAID,1441047970,EOD
03/02/2021,MARGIN CALL,111982317,ID
02/02/2021,MARGIN CALL,643200810,EOD
02/02/2021,VAR MARGIN PAID,2605558062,EOD
02/02/2021,MARGIN CALL,507998183,ID
01/02/2021,MARGIN CALL,381732110,ID
01/02/2021,VAR MARGIN PAID,1729813048,EOD
01/02/2021,MARGIN CALL,746203348,EOD
29/01/2021,MARGIN CALL,800349803,EOD
29/01/2021,VAR MARGIN PAID,3342398108,EOD
29/01/2021,MARGIN CALL,972886812,ID
28/01/2021,VAR MARGIN PAID,786127227,EOD
28/01/2021,MARGIN CALL,486301864,ID
28/01/2021,MARGIN CALL,353203322,EOD
27/01/2021,MARGIN CALL,494379643,ID
27/01/2021,MARGIN CALL,778338603,EOD
27/01/2021,VAR MARGIN PAID,1980443983,EOD
26/01/2021,MARGIN CALL,475574174,EOD
26/01/2021,VAR MARGIN PAID,1914828095,EOD
26/01/2021,MARGIN CALL,554073876,ID
25/01/2021,MARGIN CALL,792634446,EOD
25/01/2021,MARGIN CALL,668383805,ID
25/01/2021,VAR MARGIN PAID,2309101628,EOD
22/01/2021,VAR MARGIN PAID,1386719938,EOD
22/01/2021,MARGIN CALL,701354991,EOD
22/01/2021,MARGIN CALL,216267807,ID
21/01/2021,VAR MARGIN PAID,1976195480,EOD
21/01/2021,MARGIN CALL,375881756,EOD
21/01/2021,MARGIN CALL,373649482,ID
20/01/2021,MARGIN CALL,650043740,EOD
20/01/2021,MARGIN CALL,129000000,ID
20/01/2021,VAR MARGIN PAID,1122010718,EOD
19/01/2021,MARGIN CALL,211095438,EOD
19/01/2021,MARGIN CALL,16000000,ID
19/01/2021,VAR MARGIN PAID,889593341,EOD
18/01/2021,VAR MARGIN PAID,1010690059,EOD
18/01/2021,MARGIN CALL,81892446,ID
18/01/2021,MARGIN CALL,475890809,EOD
15/01/2021,MARGIN CALL,233218376,ID
15/01/2021,MARGIN CALL,635163088,EOD
15/01/2021,VAR MARGIN PAID,1843649488,EOD
14/01/2021,MARGIN CALL,571413898,EOD
14/01/2021,MARGIN CALL,428155724,ID
14/01/2021,VAR MARGIN PAID,1682748486,EOD
13/01/2021,VAR MARGIN PAID,2545140374,EOD
13/01/2021,MARGIN CALL,434969916,ID
13/01/2021,MARGIN CALL,1004402183,EOD
12/01/2021,VAR MARGIN PAID,1612392375,EOD
12/01/2021,MARGIN CALL,401598310,ID
12/01/2021,MARGIN CALL,326278951,EOD
11/01/2021,MARGIN CALL,325535333,EOD
11/01/2021,VAR MARGIN PAID,1652769861,EOD
11/01/2021,MARGIN CALL,235360511,ID
08/01/2021,MARGIN CALL,410253465,EOD
08/01/2021,VAR MARGIN PAID,1161120691,EOD
08/01/2021,MARGIN CALL,200367347,ID
07/01/2021,MARGIN CALL,617977749,EOD
07/01/2021,MARGIN CALL,169810850,ID
07/01/2021,VAR MARGIN PAID,1202942253,EOD
06/01/2021,MARGIN CALL,1366110845,EOD
06/01/2021,MARGIN CALL,1875438416,ID
06/01/2021,VAR MARGIN PAID,2872524123,EOD
05/01/2021,MARGIN CALL,728313732,EOD
05/01/2021,VAR MARGIN PAID,1322847587,EOD
05/01/2021,MARGIN CALL,364785348,ID
04/01/2021,VAR MARGIN PAID,1526652438,EOD
04/01/2021,MARGIN CALL,698225118,EOD
04/01/2021,MARGIN CALL,554568390,ID
31/12/2020,MARGIN CALL,184576984,EOD
31/12/2020,MARGIN CALL,114000000,ID
31/12/2020,VAR MARGIN PAID,226059828,EOD
30/12/2020,MARGIN CALL,189311949,ID
30/12/2020,MARGIN CALL,237063600,EOD
30/12/2020,VAR MARGIN PAID,889676149,EOD
29/12/2020,MARGIN CALL,491006628,EOD
29/12/2020,VAR MARGIN PAID,977290620,EOD
29/12/2020,MARGIN CALL,372907170,ID
28/12/2020,MARGIN CALL,168284567,ID
28/12/2020,VAR MARGIN PAID,1682917106,EOD
28/12/2020,MARGIN CALL,586666928,EOD
24/12/2020,MARGIN CALL,18000000,ID
24/12/2020,VAR MARGIN PAID,194001743,EOD
24/12/2020,MARGIN CALL,175060960,EOD
23/12/2020,MARGIN CALL,516759399,ID
23/12/2020,MARGIN CALL,923238474,EOD
23/12/2020,VAR MARGIN PAID,2229805128,EOD
22/12/2020,MARGIN CALL,284556258,ID
22/12/2020,VAR MARGIN PAID,1419331316,EOD
22/12/2020,MARGIN CALL,554442824,EOD
21/12/2020,MARGIN CALL,726225416,EOD
21/12/2020,MARGIN CALL,1054204469,ID
21/12/2020,VAR MARGIN PAID,2802611755,EOD
18/12/2020,VAR MARGIN PAID,995680120,EOD
18/12/2020,MARGIN CALL,4133554862,EOD
18/12/2020,MARGIN CALL,535400288,ID
17/12/2020,MARGIN CALL,826604664,EOD
17/12/2020,MARGIN CALL,609588190,ID
17/12/2020,VAR MARGIN PAID,927090372,EOD
16/12/2020,MARGIN CALL,948905223,EOD
16/12/2020,VAR MARGIN PAID,2181630114,EOD
16/12/2020,MARGIN CALL,1014781405,ID
15/12/2020,MARGIN CALL,474275124,ID
15/12/2020,MARGIN CALL,1534488438,EOD
15/12/2020,VAR MARGIN PAID,714375147,EOD
14/12/2020,VAR MARGIN PAID,1281439864,EOD
14/12/2020,MARGIN CALL,1269680654,EOD
11/12/2020,MARGIN CALL,394441938,ID
11/12/2020,MARGIN CALL,819883438,EOD
11/12/2020,VAR MARGIN PAID,2437470978,EOD
10/12/2020,MARGIN CALL,369689961,EOD
10/12/2020,VAR MARGIN PAID,605937330,EOD
10/12/2020,MARGIN CALL,104435895,ID
09/12/2020,VAR MARGIN PAID,611026742,EOD
09/12/2020,MARGIN CALL,418219088,ID
09/12/2020,MARGIN CALL,489180856,EOD
08/12/2020,VAR MARGIN PAID,1283496622,EOD
08/12/2020,MARGIN CALL,139488148,ID
08/12/2020,MARGIN CALL,726332896,EOD
07/12/2020,VAR MARGIN PAID,1482266478,EOD
07/12/2020,MARGIN CALL,638735257,EOD
07/12/2020,MARGIN CALL,543024469,ID
04/12/2020,VAR MARGIN PAID,1159698811,EOD
04/12/2020,MARGIN CALL,527128545,EOD
04/12/2020,MARGIN CALL,127103545,ID
03/12/2020,MARGIN CALL,616382062,EOD
03/12/2020,MARGIN CALL,198221546,ID
03/12/2020,VAR MARGIN PAID,1270436702,EOD
02/12/2020,MARGIN CALL,74500000,ID
02/12/2020,VAR MARGIN PAID,946897456,EOD
02/12/2020,MARGIN CALL,324567540,EOD
01/12/2020,MARGIN CALL,341208592,ID
01/12/2020,VAR MARGIN PAID,2257375547,EOD
01/12/2020,MARGIN CALL,650244418,EOD
30/11/2020,VAR MARGIN PAID,1579640776,EOD
30/11/2020,MARGIN CALL,1136493140,EOD
30/11/2020,MARGIN CALL,479489983,ID
27/11/2020,MARGIN CALL,187420567,ID
27/11/2020,MARGIN CALL,698779062,EOD
27/11/2020,VAR MARGIN PAID,965218775,EOD
26/11/2020,MARGIN CALL,269500000,ID
26/11/2020,VAR MARGIN PAID,1095719212,EOD
26/11/2020,MARGIN CALL,586761611,EOD
25/11/2020,MARGIN CALL,296173107,EOD
25/11/2020,MARGIN CALL,227299411,ID
25/11/2020,VAR MARGIN PAID,906905684,EOD
24/11/2020,MARGIN CALL,555528656,ID
24/11/2020,VAR MARGIN PAID,1930792438,EOD
24/11/2020,MARGIN CALL,719991849,EOD
23/11/2020,VAR MARGIN PAID,1137385809,EOD
23/11/2020,MARGIN CALL,505434340,EOD
23/11/2020,MARGIN CALL,109003319,ID
20/11/2020,MARGIN CALL,722147545,EOD
20/11/2020,MARGIN CALL,1035526680,ID
20/11/2020,VAR MARGIN PAID,1019478440,EOD
19/11/2020,MARGIN CALL,144232590,ID
19/11/2020,VAR MARGIN PAID,1814259339,EOD
19/11/2020,MARGIN CALL,614775801,EOD
18/11/2020,MARGIN CALL,245500000,ID
18/11/2020,MARGIN CALL,895365327,EOD
18/11/2020,VAR MARGIN PAID,739823749,EOD
17/11/2020,VAR MARGIN PAID,870018489,EOD
17/11/2020,MARGIN CALL,443653744,EOD
17/11/2020,MARGIN CALL,93926780,ID
16/11/2020,MARGIN CALL,593932218,ID
16/11/2020,MARGIN CALL,900568868,EOD
16/11/2020,VAR MARGIN PAID,1575649717,EOD
13/11/2020,MARGIN CALL,197000000,ID
13/11/2020,MARGIN CALL,770904463,EOD
13/11/2020,VAR MARGIN PAID,929575720,EOD
12/11/2020,MARGIN CALL,1013853735,EOD
12/11/2020,MARGIN CALL,313500000,ID
12/11/2020,VAR MARGIN PAID,2291395439,EOD
11/11/2020,MARGIN CALL,652589000,ID
11/11/2020,VAR MARGIN PAID,1482084158,EOD
11/11/2020,MARGIN CALL,828078314,EOD
10/11/2020,VAR MARGIN PAID,2482745879,EOD
10/11/2020,MARGIN CALL,1988906576,ID
10/11/2020,MARGIN CALL,705528686,EOD
09/11/2020,VAR MARGIN PAID,7423736773,EOD
09/11/2020,MARGIN CALL,1639550914,EOD
09/11/2020,MARGIN CALL,4862727429,ID
06/11/2020,MARGIN CALL,240271319,ID
06/11/2020,MARGIN CALL,737900520,EOD
06/11/2020,VAR MARGIN PAID,1046559915,EOD
05/11/2020,VAR MARGIN PAID,1798899957,EOD
05/11/2020,MARGIN CALL,916494429,ID
05/11/2020,MARGIN CALL,598066472,EOD
04/11/2020,MARGIN CALL,636362322,EOD
04/11/2020,MARGIN CALL,1173644271,ID
04/11/2020,VAR MARGIN PAID,2678393433,EOD
03/11/2020,MARGIN CALL,449472758,EOD
03/11/2020,VAR MARGIN PAID,2849034041,EOD
03/11/2020,MARGIN CALL,888108544,ID
02/11/2020,MARGIN CALL,331490414,EOD
02/11/2020,MARGIN CALL,679993306,ID
02/11/2020,VAR MARGIN PAID,1973037950,EOD
30/10/2020,VAR MARGIN PAID,920871670,EOD
30/10/2020,MARGIN CALL,241516584,ID
30/10/2020,MARGIN CALL,568011999,EOD
29/10/2020,MARGIN CALL,503111784,EOD
29/10/2020,VAR MARGIN PAID,887958264,EOD
29/10/2020,MARGIN CALL,732607656,ID
28/10/2020,MARGIN CALL,1425866533,ID
28/10/2020,MARGIN CALL,1330698959,EOD
28/10/2020,VAR MARGIN PAID,3674553397,EOD
27/10/2020,MARGIN CALL,810346375,EOD
27/10/2020,MARGIN CALL,316912454,ID
27/10/2020,VAR MARGIN PAID,2088733872,EOD
26/10/2020,MARGIN CALL,1151796902,EOD
26/10/2020,MARGIN CALL,399183433,ID
26/10/2020,VAR MARGIN PAID,2281594244,EOD
23/10/2020,MARGIN CALL,663827209,EOD
23/10/2020,MARGIN CALL,440931405,ID
23/10/2020,VAR MARGIN PAID,919700103,EOD
22/10/2020,VAR MARGIN PAID,1468158258,EOD
22/10/2020,MARGIN CALL,137460615,ID
22/10/2020,MARGIN CALL,300490606,EOD
21/10/2020,MARGIN CALL,514690372,ID
21/10/2020,MARGIN CALL,581179840,EOD
21/10/2020,VAR MARGIN PAID,1985483530,EOD
20/10/2020,VAR MARGIN PAID,1364998227,EOD
20/10/2020,MARGIN CALL,369283668,EOD
20/10/2020,MARGIN CALL,178917443,ID
19/10/2020,VAR MARGIN PAID,783957301,EOD
19/10/2020,MARGIN CALL,78885024,ID
19/10/2020,MARGIN CALL,594978403,EOD
16/10/2020,MARGIN CALL,544903026,EOD
16/10/2020,MARGIN CALL,723915552,ID
16/10/2020,VAR MARGIN PAID,1838741635,EOD
15/10/2020,MARGIN CALL,960342315,EOD
15/10/2020,MARGIN CALL,868424885,ID
15/10/2020,VAR MARGIN PAID,3414767393,EOD
14/10/2020,MARGIN CALL,110000000,ID
14/10/2020,VAR MARGIN PAID,920005112,EOD
14/10/2020,MARGIN CALL,465702903,EOD
13/10/2020,MARGIN CALL,509630680,EOD
13/10/2020,VAR MARGIN PAID,1841640758,EOD
13/10/2020,MARGIN CALL,222500000,ID
12/10/2020,MARGIN CALL,111000000,ID
12/10/2020,VAR MARGIN PAID,1114326482,EOD
12/10/2020,MARGIN CALL,325130273,EOD
09/10/2020,MARGIN CALL,369127767,EOD
09/10/2020,MARGIN CALL,36673802,ID
09/10/2020,VAR MARGIN PAID,1180483483,EOD
08/10/2020,MARGIN CALL,566921589,ID
08/10/2020,MARGIN CALL,354441054,EOD
08/10/2020,VAR MARGIN PAID,1556490837,EOD
07/10/2020,MARGIN CALL,87500000,ID
07/10/2020,MARGIN CALL,557188440,EOD
07/10/2020,VAR MARGIN PAID,810591388,EOD
06/10/2020,MARGIN CALL,339122361,EOD
06/10/2020,MARGIN CALL,172097287,ID
06/10/2020,VAR MARGIN PAID,1016702434,EOD
05/10/2020,VAR MARGIN PAID,1467456531,EOD
05/10/2020,MARGIN CALL,264310094,EOD
05/10/2020,MARGIN CALL,444387152,ID
02/10/2020,MARGIN CALL,317311673,ID
02/10/2020,VAR MARGIN PAID,510425154,EOD
02/10/2020,MARGIN CALL,555342932,EOD
01/10/2020,MARGIN CALL,361475491,EOD
01/10/2020,VAR MARGIN PAID,883300294,EOD
01/10/2020,MARGIN CALL,102263785,ID
30/09/2020,MARGIN CALL,166465835,ID
30/09/2020,MARGIN CALL,481941350,EOD
30/09/2020,VAR MARGIN PAID,1283629211,EOD
29/09/2020,MARGIN CALL,138827636,ID
29/09/2020,VAR MARGIN PAID,994190176,EOD
29/09/2020,MARGIN CALL,568567242,EOD
28/09/2020,VAR MARGIN PAID,2676257356,EOD
28/09/2020,MARGIN CALL,535528104,EOD
28/09/2020,MARGIN CALL,946593106,ID
25/09/2020,VAR MARGIN PAID,1278393684,EOD
25/09/2020,MARGIN CALL,263129886,EOD
25/09/2020,MARGIN CALL,173500000,ID
24/09/2020,MARGIN CALL,473802558,EOD
24/09/2020,VAR MARGIN PAID,1288267312,EOD
24/09/2020,MARGIN CALL,266100472,ID
23/09/2020,VAR MARGIN PAID,749038982,EOD
23/09/2020,MARGIN CALL,537438607,EOD
23/09/2020,MARGIN CALL,276773369,ID
22/09/2020,MARGIN CALL,217386114,ID
22/09/2020,MARGIN CALL,351622281,EOD
22/09/2020,VAR MARGIN PAID,1207387071,EOD
21/09/2020,MARGIN CALL,1577935712,EOD
21/09/2020,VAR MARGIN PAID,4404045413,EOD
21/09/2020,MARGIN CALL,1132248634,ID
18/09/2020,VAR MARGIN PAID,1188387605,EOD
18/09/2020,MARGIN CALL,958318136,ID
18/09/2020,MARGIN CALL,2780036153,EOD
17/09/2020,MARGIN CALL,1264678280,EOD
17/09/2020,MARGIN CALL,352767314,ID
17/09/2020,VAR MARGIN PAID,1290477713,EOD
16/09/2020,VAR MARGIN PAID,463080024,EOD
16/09/2020,MARGIN CALL,558262154,ID
16/09/2020,MARGIN CALL,1212844563,EOD
15/09/2020,VAR MARGIN PAID,1047843772,EOD
15/09/2020,MARGIN CALL,560577027,ID
15/09/2020,MARGIN CALL,482367020,EOD
14/09/2020,MARGIN CALL,533775991,EOD
14/09/2020,VAR MARGIN PAID,800019003,EOD
14/09/2020,MARGIN CALL,233837319,ID
11/09/2020,MARGIN CALL,915818627,ID
11/09/2020,MARGIN CALL,473117299,EOD
11/09/2020,VAR MARGIN PAID,2015541711,EOD
10/09/2020,VAR MARGIN PAID,1144210770,EOD
10/09/2020,MARGIN CALL,312732778,EOD
10/09/2020,MARGIN CALL,334113674,ID
09/09/2020,MARGIN CALL,881806011,ID
09/09/2020,MARGIN CALL,1031356318,EOD
09/09/2020,VAR MARGIN PAID,2746510425,EOD
08/09/2020,MARGIN CALL,826006298,EOD
08/09/2020,VAR MARGIN PAID,2118727076,EOD
08/09/2020,MARGIN CALL,378000000,ID
07/09/2020,MARGIN CALL,738152645,ID
07/09/2020,VAR MARGIN PAID,2475371273,EOD
07/09/2020,MARGIN CALL,541256999,EOD
04/09/2020,MARGIN CALL,184986917,ID
04/09/2020,MARGIN CALL,850660523,EOD
04/09/2020,VAR MARGIN PAID,2146055232,EOD
03/09/2020,VAR MARGIN PAID,2106733660,EOD
03/09/2020,MARGIN CALL,1014521825,ID
03/09/2020,MARGIN CALL,577657911,EOD
02/09/2020,VAR MARGIN PAID,3337424077,EOD
02/09/2020,MARGIN CALL,873477594,EOD
02/09/2020,MARGIN CALL,1342421450,ID
01/09/2020,MARGIN CALL,328217277,ID
01/09/2020,MARGIN CALL,829479913,EOD
01/09/2020,VAR MARGIN PAID,1043269584,EOD
31/08/2020,VAR MARGIN PAID,1713923133,EOD
31/08/2020,MARGIN CALL,598482515,EOD
31/08/2020,MARGIN CALL,208188442,ID
28/08/2020,VAR MARGIN PAID,1045318321,EOD
28/08/2020,MARGIN CALL,381586907,EOD
28/08/2020,MARGIN CALL,155710076,ID
27/08/2020,VAR MARGIN PAID,1565941837,EOD
27/08/2020,MARGIN CALL,586753796,EOD
27/08/2020,MARGIN CALL,317185668,ID
26/08/2020,MARGIN CALL,254583166,EOD
26/08/2020,VAR MARGIN PAID,1043026913,EOD
26/08/2020,MARGIN CALL,320863771,ID
25/08/2020,VAR MARGIN PAID,2854565091,EOD
25/08/2020,MARGIN CALL,428134639,EOD
25/08/2020,MARGIN CALL,703654495,ID
24/08/2020,MARGIN CALL,1090280687,ID
24/08/2020,MARGIN CALL,628722698,EOD
24/08/2020,VAR MARGIN PAID,2109263761,EOD
21/08/2020,MARGIN CALL,493828089,EOD
21/08/2020,VAR MARGIN PAID,1071916975,EOD
21/08/2020,MARGIN CALL,362021880,ID
20/08/2020,MARGIN CALL,170987342,ID
20/08/2020,MARGIN CALL,798608856,EOD
20/08/2020,VAR MARGIN PAID,2063726266,EOD
19/08/2020,MARGIN CALL,538294533,EOD
19/08/2020,MARGIN CALL,85062600,ID
19/08/2020,VAR MARGIN PAID,1365712680,EOD
18/08/2020,MARGIN CALL,23097598,ID
18/08/2020,VAR MARGIN PAID,1116047864,EOD
18/08/2020,MARGIN CALL,559301814,EOD
17/08/2020,MARGIN CALL,430622187,EOD
17/08/2020,VAR MARGIN PAID,1308667893,EOD
17/08/2020,MARGIN CALL,203324053,ID
14/08/2020,MARGIN CALL,402000000,ID
14/08/2020,VAR MARGIN PAID,1371061952,EOD
14/08/2020,MARGIN CALL,847210012,EOD
13/08/2020,MARGIN CALL,419150156,EOD
13/08/2020,MARGIN CALL,187718936,ID
13/08/2020,VAR MARGIN PAID,1567406875,EOD
12/08/2020,MARGIN CALL,993861926,ID
12/08/2020,MARGIN CALL,634923048,EOD
12/08/2020,VAR MARGIN PAID,1766930084,EOD
11/08/2020,VAR MARGIN PAID,3444536162,EOD
11/08/2020,MARGIN CALL,603538860,EOD
11/08/2020,MARGIN CALL,1653641647,ID
10/08/2020,MARGIN CALL,376659903,EOD
10/08/2020,MARGIN CALL,171858752,ID
10/08/2020,VAR MARGIN PAID,1038146472,EOD
07/08/2020,MARGIN CALL,83273208,ID
07/08/2020,MARGIN CALL,295040301,EOD
07/08/2020,VAR MARGIN PAID,1110493816,EOD
06/08/2020,MARGIN CALL,740163803,EOD
06/08/2020,MARGIN CALL,242896310,ID
06/08/2020,VAR MARGIN PAID,1643980797,EOD
05/08/2020,MARGIN CALL,349198256,ID
05/08/2020,VAR MARGIN PAID,2156862638,EOD
05/08/2020,MARGIN CALL,469054030,EOD
04/08/2020,VAR MARGIN PAID,1603595925,EOD
04/08/2020,MARGIN CALL,464921230,EOD
04/08/2020,MARGIN CALL,146496813,ID
03/08/2020,MARGIN CALL,546645413,EOD
03/08/2020,VAR MARGIN PAID,2309135256,EOD
03/08/2020,MARGIN CALL,895262152,ID
31/07/2020,MARGIN CALL,637295565,EOD
31/07/2020,VAR MARGIN PAID,1469857277,EOD
31/07/2020,MARGIN CALL,356122438,ID
30/07/2020,MARGIN CALL,1011335945,ID
30/07/2020,MARGIN CALL,1342471832,EOD
30/07/2020,VAR MARGIN PAID,4032296684,EOD
29/07/2020,MARGIN CALL,349511477,EOD
29/07/2020,MARGIN CALL,174665136,ID
29/07/2020,VAR MARGIN PAID,1123187101,EOD
28/07/2020,MARGIN CALL,64896902,ID
28/07/2020,MARGIN CALL,418812341,EOD
28/07/2020,VAR MARGIN PAID,885827744,EOD
27/07/2020,VAR MARGIN PAID,2202963030,EOD
27/07/2020,MARGIN CALL,663781776,EOD
27/07/2020,MARGIN CALL,390612245,ID
24/07/2020,VAR MARGIN PAID,2941409234,EOD
24/07/2020,MARGIN CALL,169991313,ID
24/07/2020,MARGIN CALL,685778415,EOD
23/07/2020,MARGIN CALL,592751970,EOD
23/07/2020,MARGIN CALL,168939537,ID
23/07/2020,VAR MARGIN PAID,617674179,EOD
22/07/2020,VAR MARGIN PAID,1926438135,EOD
22/07/2020,MARGIN CALL,95060751,ID
22/07/2020,MARGIN CALL,601906182,EOD
21/07/2020,MARGIN CALL,277016565,EOD
21/07/2020,MARGIN CALL,829500000,ID
21/07/2020,VAR MARGIN PAID,1143909111,EOD
20/07/2020,MARGIN CALL,170211391,ID
20/07/2020,VAR MARGIN PAID,1770359937,EOD
20/07/2020,MARGIN CALL,510961518,EOD
17/07/2020,MARGIN CALL,744249385,EOD
17/07/2020,VAR MARGIN PAID,975133412,EOD
17/07/2020,MARGIN CALL,455448547,ID
16/07/2020,VAR MARGIN PAID,1455811010,EOD
16/07/2020,MARGIN CALL,480928579,EOD
16/07/2020,MARGIN CALL,152625110,ID
15/07/2020,MARGIN CALL,1497920308,ID
15/07/2020,MARGIN CALL,617615006,EOD
15/07/2020,VAR MARGIN PAID,2617486507,EOD
14/07/2020,MARGIN CALL,368648352,ID
14/07/2020,VAR MARGIN PAID,2419836555,EOD
14/07/2020,MARGIN CALL,346273436,EOD
13/07/2020,MARGIN CALL,397315089,EOD
13/07/2020,VAR MARGIN PAID,3336875926,EOD
13/07/2020,MARGIN CALL,1004655385,ID
10/07/2020,MARGIN CALL,250308307,ID
10/07/2020,VAR MARGIN PAID,1607291553,EOD
10/07/2020,MARGIN CALL,900547746,EOD
09/07/2020,MARGIN CALL,551422595,EOD
09/07/2020,VAR MARGIN PAID,1439580811,EOD
09/07/2020,MARGIN CALL,123450361,ID
08/07/2020,MARGIN CALL,132175613,ID
08/07/2020,VAR MARGIN PAID,1684311593,EOD
08/07/2020,MARGIN CALL,835136549,EOD
07/07/2020,MARGIN CALL,620380295,EOD
07/07/2020,VAR MARGIN PAID,1176513944,EOD
07/07/2020,MARGIN CALL,34000000,ID
06/07/2020,VAR MARGIN PAID,2783666135,EOD
06/07/2020,MARGIN CALL,1545618117,ID
06/07/2020,MARGIN CALL,877619897,EOD
03/07/2020,MARGIN CALL,354742909,EOD
03/07/2020,VAR MARGIN PAID,1586050949,EOD
03/07/2020,MARGIN CALL,85027798,ID
02/07/2020,VAR MARGIN PAID,4231936459,EOD
02/07/2020,MARGIN CALL,842320337,EOD
02/07/2020,MARGIN CALL,1557457994,ID
01/07/2020,MARGIN CALL,1098594921,EOD
01/07/2020,MARGIN CALL,844481843,ID
01/07/2020,VAR MARGIN PAID,2653755975,EOD
30/06/2020,MARGIN CALL,1093949970,EOD
30/06/2020,MARGIN CALL,339505269,ID
30/06/2020,VAR MARGIN PAID,615949036,EOD
29/06/2020,MARGIN CALL,682887638,EOD
29/06/2020,MARGIN CALL,773911379,ID
29/06/2020,VAR MARGIN PAID,1370390811,EOD
26/06/2020,MARGIN CALL,642319682,EOD
26/06/2020,VAR MARGIN PAID,1172932891,EOD
26/06/2020,MARGIN CALL,338146749,ID
25/06/2020,MARGIN CALL,918984729,EOD
25/06/2020,MARGIN CALL,722821429,ID
25/06/2020,VAR MARGIN PAID,1873682262,EOD
24/06/2020,MARGIN CALL,1176036278,EOD
24/06/2020,VAR MARGIN PAID,3901960230,EOD
24/06/2020,MARGIN CALL,677850161,ID
23/06/2020,MARGIN CALL,1225114237,ID
23/06/2020,MARGIN CALL,693151633,EOD
23/06/2020,VAR MARGIN PAID,2966705156,EOD
22/06/2020,MARGIN CALL,819401123,EOD
22/06/2020,VAR MARGIN PAID,1653454920,EOD
22/06/2020,MARGIN CALL,339355079,ID
19/06/2020,VAR MARGIN PAID,1341592585,EOD
19/06/2020,MARGIN CALL,964375375,ID
19/06/2020,MARGIN CALL,6092464188,EOD
18/06/2020,VAR MARGIN PAID,1600688809,EOD
18/06/2020,MARGIN CALL,678134290,ID
18/06/2020,MARGIN CALL,1995249620,EOD
17/06/2020,MARGIN CALL,810522071,EOD
17/06/2020,MARGIN CALL,513874644,ID
17/06/2020,VAR MARGIN PAID,1262478782,EOD
16/06/2020,MARGIN CALL,1034043190,EOD
16/06/2020,VAR MARGIN PAID,4560516753,EOD
16/06/2020,MARGIN CALL,2876165473,ID
15/06/2020,MARGIN CALL,866947401,EOD
15/06/2020,MARGIN CALL,1659901945,ID
15/06/2020,VAR MARGIN PAID,769664222,EOD
12/06/2020,MARGIN CALL,1059188247,EOD
12/06/2020,VAR MARGIN PAID,1698697040,EOD
12/06/2020,MARGIN CALL,540002477,ID
11/06/2020,MARGIN CALL,1029661725,EOD
11/06/2020,MARGIN CALL,1910331855,ID
11/06/2020,VAR MARGIN PAID,7536093598,EOD
10/06/2020,MARGIN CALL,627802128,ID
10/06/2020,MARGIN CALL,737892216,EOD
10/06/2020,VAR MARGIN PAID,1199614221,EOD
09/06/2020,MARGIN CALL,208396958,ID
09/06/2020,MARGIN CALL,1437031615,EOD
09/06/2020,VAR MARGIN PAID,1918753921,EOD
08/06/2020,MARGIN CALL,701580047,EOD
08/06/2020,VAR MARGIN PAID,1991328144,EOD
08/06/2020,MARGIN CALL,498540214,ID
05/06/2020,MARGIN CALL,1604854607,ID
05/06/2020,MARGIN CALL,1780570119,EOD
05/06/2020,VAR MARGIN PAID,5379378526,EOD
04/06/2020,MARGIN CALL,870892046,EOD
04/06/2020,MARGIN CALL,665888889,ID
04/06/2020,VAR MARGIN PAID,2219377011,EOD
03/06/2020,MARGIN CALL,2721030312,ID
03/06/2020,VAR MARGIN PAID,5726446828,EOD
03/06/2020,MARGIN CALL,1327834030,EOD
02/06/2020,MARGIN CALL,669573249,EOD
02/06/2020,MARGIN CALL,631313406,ID
02/06/2020,VAR MARGIN PAID,2638013049,EOD
01/06/2020,MARGIN CALL,551858762,ID
01/06/2020,MARGIN CALL,1045088957,EOD
01/06/2020,VAR MARGIN PAID,3454756203,EOD
29/05/2020,VAR MARGIN PAID,2948592005,EOD
29/05/2020,MARGIN CALL,862142832,EOD
29/05/2020,MARGIN CALL,284380029,ID
28/05/2020,VAR MARGIN PAID,2886834281,EOD
28/05/2020,MARGIN CALL,764525759,EOD
28/05/2020,MARGIN CALL,662615468,ID
27/05/2020,VAR MARGIN PAID,1984718388,EOD
27/05/2020,MARGIN CALL,1007344145,ID
27/05/2020,MARGIN CALL,937919396,EOD
26/05/2020,MARGIN CALL,798221910,EOD
26/05/2020,MARGIN CALL,566629091,ID
26/05/2020,VAR MARGIN PAID,2637919258,EOD
25/05/2020,MARGIN CALL,268126781,ID
25/05/2020,MARGIN CALL,754669039,EOD
25/05/2020,VAR MARGIN PAID,2920292554,EOD
22/05/2020,VAR MARGIN PAID,932882863,EOD
22/05/2020,MARGIN CALL,191440205,ID
22/05/2020,MARGIN CALL,226912751,EOD
21/05/2020,MARGIN CALL,60181818,ID
21/05/2020,VAR MARGIN PAID,2412367973,EOD
21/05/2020,MARGIN CALL,569772362,EOD
20/05/2020,MARGIN CALL,463095936,EOD
20/05/2020,VAR MARGIN PAID,1903669951,EOD
20/05/2020,MARGIN CALL,188934812,ID
19/05/2020,VAR MARGIN PAID,1241871083,EOD
19/05/2020,MARGIN CALL,428570776,ID
19/05/2020,MARGIN CALL,565934208,EOD
18/05/2020,VAR MARGIN PAID,7540571698,EOD
18/05/2020,MARGIN CALL,3603693104,ID
18/05/2020,MARGIN CALL,1762535524,EOD
15/05/2020,MARGIN CALL,1509571467,EOD
15/05/2020,VAR MARGIN PAID,1241669970,EOD
15/05/2020,MARGIN CALL,319001241,ID
14/05/2020,VAR MARGIN PAID,2899199184,EOD
14/05/2020,MARGIN CALL,949269866,EOD
14/05/2020,MARGIN CALL,929319867,ID
13/05/2020,VAR MARGIN PAID,3876985684,EOD
13/05/2020,MARGIN CALL,1578692474,EOD
13/05/2020,MARGIN CALL,500080460,ID
12/05/2020,MARGIN CALL,290994474,ID
12/05/2020,MARGIN CALL,791017510,EOD
12/05/2020,VAR MARGIN PAID,1100714510,EOD
11/05/2020,MARGIN CALL,756004502,EOD
11/05/2020,MARGIN CALL,443139320,ID
11/05/2020,VAR MARGIN PAID,1505259652,EOD
08/05/2020,MARGIN CALL,82384810,ID
08/05/2020,VAR MARGIN PAID,2116469876,EOD
08/05/2020,MARGIN CALL,656409130,EOD
07/05/2020,MARGIN CALL,410846425,ID
07/05/2020,MARGIN CALL,748656305,EOD
07/05/2020,VAR MARGIN PAID,2572604845,EOD
06/05/2020,MARGIN CALL,1049152252,EOD
06/05/2020,MARGIN CALL,598662372,ID
06/05/2020,VAR MARGIN PAID,2866412233,EOD
05/05/2020,MARGIN CALL,1885552015,ID
05/05/2020,VAR MARGIN PAID,3866083621,EOD
05/05/2020,MARGIN CALL,1275697910,EOD
04/05/2020,MARGIN CALL,965165281,EOD
04/05/2020,MARGIN CALL,1600704320,ID
04/05/2020,VAR MARGIN PAID,5870613158,EOD
30/04/2020,VAR MARGIN PAID,4685302730,EOD
30/04/2020,MARGIN CALL,1600420791,EOD
30/04/2020,MARGIN CALL,1311149687,ID
29/04/2020,MARGIN CALL,1562940603,EOD
29/04/2020,VAR MARGIN PAID,3737004180,EOD
29/04/2020,MARGIN CALL,1328838226,ID
28/04/2020,VAR MARGIN PAID,2780890386,EOD
28/04/2020,MARGIN CALL,962499884,EOD
28/04/2020,MARGIN CALL,889830882,ID
27/04/2020,MARGIN CALL,1342846838,ID
27/04/2020,VAR MARGIN PAID,3726122384,EOD
27/04/2020,MARGIN CALL,1146264908,EOD
24/04/2020,MARGIN CALL,1278503429,EOD
24/04/2020,MARGIN CALL,628203704,ID
24/04/2020,VAR MARGIN PAID,3208035788,EOD
23/04/2020,MARGIN CALL,564235991,ID
23/04/2020,VAR MARGIN PAID,2120993414,EOD
23/04/2020,MARGIN CALL,657860517,EOD
22/04/2020,VAR MARGIN PAID,3418923734,EOD
22/04/2020,MARGIN CALL,3746932811,EOD
22/04/2020,MARGIN CALL,671919588,ID
21/04/2020,MARGIN CALL,1290931956,EOD
21/04/2020,VAR MARGIN PAID,6045448963,EOD
21/04/2020,MARGIN CALL,725247071,ID
20/04/2020,MARGIN CALL,741075445,EOD
20/04/2020,VAR MARGIN PAID,2292207378,EOD
20/04/2020,MARGIN CALL,615910988,ID
17/04/2020,MARGIN CALL,2464498625,ID
17/04/2020,VAR MARGIN PAID,3288082557,EOD
17/04/2020,MARGIN CALL,2430371083,EOD
16/04/2020,VAR MARGIN PAID,1819111768,EOD
16/04/2020,MARGIN CALL,520902041,ID
16/04/2020,MARGIN CALL,780383529,EOD
15/04/2020,VAR MARGIN PAID,6260717547,EOD
15/04/2020,MARGIN CALL,1833796531,EOD
15/04/2020,MARGIN CALL,1573011648,ID
14/04/2020,VAR MARGIN PAID,2700527715,EOD
14/04/2020,MARGIN CALL,842839813,EOD
14/04/2020,MARGIN CALL,1191515051,ID
09/04/2020,MARGIN CALL,1105337770,EOD
09/04/2020,MARGIN CALL,1595384467,ID
09/04/2020,VAR MARGIN PAID,3311058607,EOD
08/04/2020,VAR MARGIN PAID,1152325575,EOD
08/04/2020,MARGIN CALL,1052010896,ID
08/04/2020,MARGIN CALL,1093785351,EOD
07/04/2020,MARGIN CALL,2864923332,ID
07/04/2020,VAR MARGIN PAID,4209684920,EOD
07/04/2020,MARGIN CALL,1073377760,EOD
06/04/2020,MARGIN CALL,2753217635,ID
06/04/2020,MARGIN CALL,1105215237,EOD
06/04/2020,VAR MARGIN PAID,7189110459,EOD
03/04/2020,MARGIN CALL,669838959,EOD
03/04/2020,VAR MARGIN PAID,1467538571,EOD
03/04/2020,MARGIN CALL,69052156,ID
02/04/2020,MARGIN CALL,863639315,EOD
02/04/2020,MARGIN CALL,417612404,ID
02/04/2020,VAR MARGIN PAID,1914336482,EOD
01/04/2020,MARGIN CALL,2688668002,ID
01/04/2020,MARGIN CALL,1543590861,EOD
01/04/2020,VAR MARGIN PAID,6050831438,EOD
31/03/2020,VAR MARGIN PAID,3678730213,EOD
31/03/2020,MARGIN CALL,1650358801,ID
31/03/2020,MARGIN CALL,1045720067,EOD
30/03/2020,MARGIN CALL,1921983415,ID
30/03/2020,VAR MARGIN PAID,4739206511,EOD
30/03/2020,MARGIN CALL,1134203394,EOD
27/03/2020,MARGIN CALL,3322564051,ID
27/03/2020,MARGIN CALL,1861888605,EOD
27/03/2020,VAR MARGIN PAID,7314960417,EOD
26/03/2020,VAR MARGIN PAID,4863696621,EOD
26/03/2020,MARGIN CALL,1495375468,EOD
26/03/2020,MARGIN CALL,2289080730,ID
25/03/2020,MARGIN CALL,3505515772,ID
25/03/2020,VAR MARGIN PAID,5136623001,EOD
25/03/2020,MARGIN CALL,1781891021,EOD
24/03/2020,MARGIN CALL,3570731099,ID
24/03/2020,MARGIN CALL,1108664141,EOD
24/03/2020,VAR MARGIN PAID,12400924292,EOD
23/03/2020,MARGIN CALL,965369317,EOD
23/03/2020,MARGIN CALL,1808329270,ID
23/03/2020,VAR MARGIN PAID,5004193541,EOD
20/03/2020,MARGIN CALL,4686142711,ID
20/03/2020,MARGIN CALL,7063318322,EOD
20/03/2020,VAR MARGIN PAID,8121860427,EOD
19/03/2020,VAR MARGIN PAID,7670437321,EOD
19/03/2020,MARGIN CALL,2837050159,ID
19/03/2020,MARGIN CALL,2853132092,EOD
18/03/2020,MARGIN CALL,2432644753,EOD
18/03/2020,MARGIN CALL,7714216378,ID
18/03/2020,VAR MARGIN PAID,13159702526,EOD
17/03/2020,MARGIN CALL,2205261401,EOD
17/03/2020,MARGIN CALL,4387993535,ID
17/03/2020,VAR MARGIN PAID,5590150862,EOD
16/03/2020,MARGIN CALL,9688779842,ID
16/03/2020,MARGIN CALL,2623882190,EOD
16/03/2020,VAR MARGIN PAID,8756151840,EOD
13/03/2020,MARGIN CALL,2704354843,EOD
13/03/2020,VAR MARGIN PAID,6587644602,EOD
13/03/2020,MARGIN CALL,7683572503,ID
12/03/2020,MARGIN CALL,12037488624,ID
12/03/2020,MARGIN CALL,5214464441,EOD
12/03/2020,VAR MARGIN PAID,16979512807,EOD
11/03/2020,VAR MARGIN PAID,2670440435,EOD
11/03/2020,MARGIN CALL,1649848751,EOD
11/03/2020,MARGIN CALL,2629323713,ID
10/03/2020,MARGIN CALL,3428539101,ID
10/03/2020,VAR MARGIN PAID,3113532583,EOD
10/03/2020,MARGIN CALL,1965571507,EOD
09/03/2020,MARGIN CALL,7441569405,ID
09/03/2020,VAR MARGIN PAID,13161376506,EOD
09/03/2020,MARGIN CALL,2942887123,EOD
06/03/2020,MARGIN CALL,1677934765,EOD
06/03/2020,VAR MARGIN PAID,7071880953,EOD
06/03/2020,MARGIN CALL,2868034580,ID
05/03/2020,MARGIN CALL,1175819942,EOD
05/03/2020,MARGIN CALL,1099000786,ID
05/03/2020,VAR MARGIN PAID,2701018568,EOD
04/03/2020,MARGIN CALL,624847355,ID
04/03/2020,MARGIN CALL,656375083,EOD
04/03/2020,VAR MARGIN PAID,2609710826,EOD
03/03/2020,MARGIN CALL,1235699642,ID
03/03/2020,MARGIN CALL,668847049,EOD
03/03/2020,VAR MARGIN PAID,2268190057,EOD
02/03/2020,MARGIN CALL,1586789989,ID
02/03/2020,VAR MARGIN PAID,2770655182,EOD
02/03/2020,MARGIN CALL,538954853,EOD
28/02/2020,MARGIN CALL,3588840369,ID
28/02/2020,VAR MARGIN PAID,7136060120,EOD
28/02/2020,MARGIN CALL,2497648455,EOD
27/02/2020,MARGIN CALL,1722176011,EOD
27/02/2020,MARGIN CALL,2504007407,ID
27/02/2020,VAR MARGIN PAID,6198740390,EOD
26/02/2020,VAR MARGIN PAID,1860376303,EOD
26/02/2020,MARGIN CALL,647652203,EOD
26/02/2020,MARGIN CALL,1129088469,ID
25/02/2020,MARGIN CALL,1510518446,EOD
25/02/2020,VAR MARGIN PAID,3553365451,EOD
25/02/2020,MARGIN CALL,892086716,ID
24/02/2020,MARGIN CALL,1795624481,EOD
24/02/2020,VAR MARGIN PAID,6503469319,EOD
24/02/2020,MARGIN CALL,2284360242,ID
21/02/2020,VAR MARGIN PAID,2213807523,EOD
21/02/2020,MARGIN CALL,1109914266,ID
21/02/2020,MARGIN CALL,1277015134,EOD
20/02/2020,VAR MARGIN PAID,2445087720,EOD
20/02/2020,MARGIN CALL,291286376,ID
20/02/2020,MARGIN CALL,468053677,EOD
19/02/2020,VAR MARGIN PAID,1806395024,EOD
19/02/2020,MARGIN CALL,239111111,ID
19/02/2020,MARGIN CALL,727640752,EOD
18/02/2020,MARGIN CALL,475339853,EOD
18/02/2020,MARGIN CALL,199151627,ID
18/02/2020,VAR MARGIN PAID,1485116429,EOD
17/02/2020,MARGIN CALL,422962607,EOD
17/02/2020,MARGIN CALL,44000000,ID
17/02/2020,VAR MARGIN PAID,746284220,EOD
14/02/2020,MARGIN CALL,425828549,EOD
14/02/2020,MARGIN CALL,92000000,ID
14/02/2020,VAR MARGIN PAID,795231018,EOD
13/02/2020,VAR MARGIN PAID,1109936656,EOD
13/02/2020,MARGIN CALL,459982785,EOD
13/02/2020,MARGIN CALL,612922932,ID
12/02/2020,VAR MARGIN PAID,1277891892,EOD
12/02/2020,MARGIN CALL,688990445,EOD
12/02/2020,MARGIN CALL,393821229,ID
11/02/2020,MARGIN CALL,581861669,ID
11/02/2020,VAR MARGIN PAID,2041154156,EOD
11/02/2020,MARGIN CALL,768774201,EOD
10/02/2020,MARGIN CALL,326348231,EOD
10/02/2020,MARGIN CALL,25500000,ID
10/02/2020,VAR MARGIN PAID,1213994709,EOD
07/02/2020,VAR MARGIN PAID,1510506020,EOD
07/02/2020,MARGIN CALL,282646857,EOD
07/02/2020,MARGIN CALL,189500000,ID
06/02/2020,VAR MARGIN PAID,1522317971,EOD
06/02/2020,MARGIN CALL,672787219,EOD
06/02/2020,MARGIN CALL,201906117,ID
05/02/2020,MARGIN CALL,1209502987,ID
05/02/2020,MARGIN CALL,730712264,EOD
05/02/2020,VAR MARGIN PAID,2940902355,EOD
04/02/2020,MARGIN CALL,943581825,ID
04/02/2020,MARGIN CALL,665677832,EOD
04/02/2020,VAR MARGIN PAID,3234181992,EOD
03/02/2020,MARGIN CALL,88628411,ID
03/02/2020,MARGIN CALL,254505684,EOD
03/02/2020,VAR MARGIN PAID,977043556,EOD
31/01/2020,VAR MARGIN PAID,2377911133,EOD
31/01/2020,MARGIN CALL,815241078,EOD
31/01/2020,MARGIN CALL,359922729,ID
30/01/2020,MARGIN CALL,628526836,EOD
30/01/2020,VAR MARGIN PAID,2721841662,EOD
30/01/2020,MARGIN CALL,507593707,ID
29/01/2020,MARGIN CALL,402451952,EOD
29/01/2020,MARGIN CALL,136500000,ID
29/01/2020,VAR MARGIN PAID,1545394407,EOD
28/01/2020,MARGIN CALL,459738338,ID
28/01/2020,MARGIN CALL,636200073,EOD
28/01/2020,VAR MARGIN PAID,2561653742,EOD
27/01/2020,MARGIN CALL,1756675163,ID
27/01/2020,MARGIN CALL,828610700,EOD
27/01/2020,VAR MARGIN PAID,5375992480,EOD
24/01/2020,VAR MARGIN PAID,1864765881,EOD
24/01/2020,MARGIN CALL,1117842093,ID
24/01/2020,MARGIN CALL,462511202,EOD
23/01/2020,VAR MARGIN PAID,2641765520,EOD
23/01/2020,MARGIN CALL,406474168,ID
23/01/2020,MARGIN CALL,690071713,EOD
22/01/2020,VAR MARGIN PAID,806861779,EOD
22/01/2020,MARGIN CALL,391558676,EOD
22/01/2020,MARGIN CALL,143000000,ID
21/01/2020,MARGIN CALL,136214145,EOD
21/01/2020,MARGIN CALL,314985605,ID
21/01/2020,VAR MARGIN PAID,1798198092,EOD
20/01/2020,MARGIN CALL,68500000,ID
20/01/2020,VAR MARGIN PAID,496901239,EOD
20/01/2020,MARGIN CALL,172840975,EOD
17/01/2020,MARGIN CALL,259083441,ID
17/01/2020,MARGIN CALL,633270569,EOD
17/01/2020,VAR MARGIN PAID,1670932521,EOD
16/01/2020,MARGIN CALL,304461232,ID
16/01/2020,VAR MARGIN PAID,980806234,EOD
16/01/2020,MARGIN CALL,669589346,EOD
15/01/2020,MARGIN CALL,283768692,ID
15/01/2020,VAR MARGIN PAID,1777142132,EOD
15/01/2020,MARGIN CALL,498318516,EOD
14/01/2020,VAR MARGIN PAID,780593322,EOD
14/01/2020,MARGIN CALL,217936844,ID
14/01/2020,MARGIN CALL,361140830,EOD
13/01/2020,MARGIN CALL,467316605,EOD
13/01/2020,VAR MARGIN PAID,1943554400,EOD
13/01/2020,MARGIN CALL,281765145,ID
10/01/2020,VAR MARGIN PAID,700169133,EOD
10/01/2020,MARGIN CALL,503021410,EOD
10/01/2020,MARGIN CALL,134737084,ID
09/01/2020,MARGIN CALL,834491134,EOD
09/01/2020,MARGIN CALL,367728222,ID
09/01/2020,VAR MARGIN PAID,2009075317,EOD
08/01/2020,MARGIN CALL,1617769399,EOD
08/01/2020,MARGIN CALL,315397886,ID
08/01/2020,VAR MARGIN PAID,1039550910,EOD
07/01/2020,MARGIN CALL,404793591,ID
07/01/2020,MARGIN CALL,517025022,EOD
07/01/2020,VAR MARGIN PAID,672708930,EOD
06/01/2020,MARGIN CALL,349845746,ID
06/01/2020,MARGIN CALL,487494362,EOD
06/01/2020,VAR MARGIN PAID,864626884,EOD
03/01/2020,VAR MARGIN PAID,2620065876,EOD
03/01/2020,MARGIN CALL,459887633,EOD
03/01/2020,MARGIN CALL,593927801,ID
02/01/2020,MARGIN CALL,1621487984,ID
02/01/2020,VAR MARGIN PAID,2846859226,EOD
02/01/2020,MARGIN CALL,577440576,EOD
31/12/2019,MARGIN CALL,116749201,EOD
31/12/2019,VAR MARGIN PAID,105122395,EOD
30/12/2019,MARGIN CALL,249028242,EOD
30/12/2019,MARGIN CALL,397515996,ID
30/12/2019,VAR MARGIN PAID,2924806264,EOD
27/12/2019,MARGIN CALL,210120938,EOD
27/12/2019,VAR MARGIN PAID,705272796,EOD
24/12/2019,MARGIN CALL,34500000,ID
24/12/2019,MARGIN CALL,130384998,EOD
24/12/2019,VAR MARGIN PAID,99828208,EOD
23/12/2019,VAR MARGIN PAID,573960969,EOD
23/12/2019,MARGIN CALL,474390351,EOD
23/12/2019,MARGIN CALL,187189616,ID
20/12/2019,MARGIN CALL,4466867222,EOD
20/12/2019,MARGIN CALL,490319456,ID
20/12/2019,VAR MARGIN PAID,1679699775,EOD
19/12/2019,MARGIN CALL,718654492,EOD
19/12/2019,MARGIN CALL,442431052,ID
19/12/2019,VAR MARGIN PAID,807194002,EOD
18/12/2019,MARGIN CALL,457222447,ID
18/12/2019,MARGIN CALL,665858357,EOD
18/12/2019,VAR MARGIN PAID,1706496286,EOD
17/12/2019,MARGIN CALL,481706251,EOD
17/12/2019,VAR MARGIN PAID,1342352079,EOD
17/12/2019,MARGIN CALL,273126142,ID
16/12/2019,MARGIN CALL,1067824601,ID
16/12/2019,VAR MARGIN PAID,2280486142,EOD
16/12/2019,MARGIN CALL,572344177,EOD
13/12/2019,MARGIN CALL,1356642498,ID
13/12/2019,MARGIN CALL,491649027,EOD
13/12/2019,VAR MARGIN PAID,1473096387,EOD
12/12/2019,MARGIN CALL,541938714,EOD
12/12/2019,MARGIN CALL,458397249,ID
12/12/2019,VAR MARGIN PAID,2503947715,EOD
11/12/2019,MARGIN CALL,282617381,ID
11/12/2019,VAR MARGIN PAID,1392289218,EOD
11/12/2019,MARGIN CALL,435093415,EOD
10/12/2019,MARGIN CALL,380965018,ID
10/12/2019,MARGIN CALL,243576914,EOD
10/12/2019,VAR MARGIN PAID,538484919,EOD
09/12/2019,VAR MARGIN PAID,943402841,EOD
09/12/2019,MARGIN CALL,505814998,EOD
09/12/2019,MARGIN CALL,37500000,ID
06/12/2019,MARGIN CALL,324754177,ID
06/12/2019,VAR MARGIN PAID,1820885322,EOD
06/12/2019,MARGIN CALL,553694035,EOD
05/12/2019,MARGIN CALL,249610095,EOD
05/12/2019,MARGIN CALL,124541644,ID
05/12/2019,VAR MARGIN PAID,1362358330,EOD
04/12/2019,MARGIN CALL,793204175,ID
04/12/2019,MARGIN CALL,392897239,EOD
04/12/2019,VAR MARGIN PAID,2492101572,EOD
03/12/2019,MARGIN CALL,473871856,EOD
03/12/2019,VAR MARGIN PAID,3905200777,EOD
03/12/2019,MARGIN CALL,874913205,ID
02/12/2019,MARGIN CALL,551792790,EOD
02/12/2019,MARGIN CALL,1525014334,ID
02/12/2019,VAR MARGIN PAID,4562660960,EOD
29/11/2019,MARGIN CALL,645381370,EOD
29/11/2019,VAR MARGIN PAID,806864945,EOD
29/11/2019,MARGIN CALL,333126662,ID
28/11/2019,MARGIN CALL,212841435,EOD
28/11/2019,VAR MARGIN PAID,520956014,EOD
28/11/2019,MARGIN CALL,17000000,ID
27/11/2019,MARGIN CALL,225912680,EOD
27/11/2019,VAR MARGIN PAID,937035632,EOD
27/11/2019,MARGIN CALL,307833909,ID
26/11/2019,MARGIN CALL,70000000,ID
26/11/2019,VAR MARGIN PAID,952822825,EOD
26/11/2019,MARGIN CALL,188348017,EOD
25/11/2019,VAR MARGIN PAID,1584125403,EOD
25/11/2019,MARGIN CALL,70000000,ID
25/11/2019,MARGIN CALL,332173307,EOD
22/11/2019,MARGIN CALL,1349843866,EOD
22/11/2019,VAR MARGIN PAID,1345250821,EOD
22/11/2019,MARGIN CALL,286360058,ID
21/11/2019,MARGIN CALL,257098995,ID
21/11/2019,MARGIN CALL,663881479,EOD
21/11/2019,VAR MARGIN PAID,1059252070,EOD
20/11/2019,MARGIN CALL,314500000,ID
20/11/2019,MARGIN CALL,540943661,EOD
20/11/2019,VAR MARGIN PAID,797139942,EOD
19/11/2019,MARGIN CALL,368978649,ID
19/11/2019,MARGIN CALL,446809239,EOD
19/11/2019,VAR MARGIN PAID,463356793,EOD
18/11/2019,MARGIN CALL,447037970,EOD
18/11/2019,MARGIN CALL,313388527,ID
18/11/2019,VAR MARGIN PAID,562132170,EOD
15/11/2019,MARGIN CALL,677000000,ID
15/11/2019,MARGIN CALL,826107648,EOD
15/11/2019,VAR MARGIN PAID,1185882024,EOD
14/11/2019,MARGIN CALL,472808421,ID
14/11/2019,MARGIN CALL,576186691,EOD
14/11/2019,VAR MARGIN PAID,2183154226,EOD
13/11/2019,MARGIN CALL,967234301,ID
13/11/2019,MARGIN CALL,939847691,EOD
13/11/2019,VAR MARGIN PAID,2520421485,EOD
12/11/2019,MARGIN CALL,432357189,EOD
12/11/2019,MARGIN CALL,77418293,ID
12/11/2019,VAR MARGIN PAID,978172035,EOD
11/11/2019,VAR MARGIN PAID,761292687,EOD
11/11/2019,MARGIN CALL,273007196,EOD
11/11/2019,MARGIN CALL,101753737,ID
08/11/2019,MARGIN CALL,209386538,ID
08/11/2019,MARGIN CALL,278939189,EOD
08/11/2019,VAR MARGIN PAID,1077983346,EOD
07/11/2019,MARGIN CALL,439337545,EOD
07/11/2019,MARGIN CALL,948358758,ID
07/11/2019,VAR MARGIN PAID,2831462997,EOD
06/11/2019,VAR MARGIN PAID,1135486816,EOD
06/11/2019,MARGIN CALL,318291268,EOD
06/11/2019,MARGIN CALL,573838142,ID
05/11/2019,MARGIN CALL,637121353,ID
05/11/2019,MARGIN CALL,634967820,EOD
05/11/2019,VAR MARGIN PAID,1557450225,EOD
04/11/2019,VAR MARGIN PAID,2537284126,EOD
04/11/2019,MARGIN CALL,896294636,ID
04/11/2019,MARGIN CALL,548434978,EOD
01/11/2019,MARGIN CALL,303165500,ID
01/11/2019,MARGIN CALL,183452636,EOD
01/11/2019,VAR MARGIN PAID,1420049727,EOD
31/10/2019,VAR MARGIN PAID,1809357559,EOD
31/10/2019,MARGIN CALL,368901168,ID
31/10/2019,MARGIN CALL,682853064,EOD
30/10/2019,VAR MARGIN PAID,637187135,EOD
30/10/2019,MARGIN CALL,502547329,EOD
30/10/2019,MARGIN CALL,178867189,ID
29/10/2019,MARGIN CALL,155000000,ID
29/10/2019,MARGIN CALL,459263491,EOD
29/10/2019,VAR MARGIN PAID,963864821,EOD
28/10/2019,MARGIN CALL,475695815,ID
28/10/2019,MARGIN CALL,348372993,EOD
28/10/2019,VAR MARGIN PAID,1891019224,EOD
25/10/2019,MARGIN CALL,348285990,EOD
25/10/2019,VAR MARGIN PAID,1616100319,EOD
25/10/2019,MARGIN CALL,181903664,ID
24/10/2019,MARGIN CALL,156334292,ID
24/10/2019,VAR MARGIN PAID,1331944665,EOD
24/10/2019,MARGIN CALL,498923965,EOD
23/10/2019,MARGIN CALL,557689681,EOD
23/10/2019,VAR MARGIN PAID,1335227590,EOD
23/10/2019,MARGIN CALL,240606053,ID
22/10/2019,VAR MARGIN PAID,1490246988,EOD
22/10/2019,MARGIN CALL,585743401,EOD
22/10/2019,MARGIN CALL,248021237,ID
21/10/2019,MARGIN CALL,774427606,ID
21/10/2019,VAR MARGIN PAID,1867366296,EOD
21/10/2019,MARGIN CALL,479362976,EOD
18/10/2019,VAR MARGIN PAID,1053191167,EOD
18/10/2019,MARGIN CALL,520800766,EOD
18/10/2019,MARGIN CALL,588768399,ID
17/10/2019,MARGIN CALL,410993881,ID
17/10/2019,VAR MARGIN PAID,812726415,EOD
17/10/2019,MARGIN CALL,425284823,EOD
16/10/2019,VAR MARGIN PAID,992605945,EOD
16/10/2019,MARGIN CALL,225500000,ID
16/10/2019,MARGIN CALL,551441286,EOD
15/10/2019,VAR MARGIN PAID,3142442669,EOD
15/10/2019,MARGIN CALL,905824157,ID
15/10/2019,MARGIN CALL,655249328,EOD
14/10/2019,MARGIN CALL,172336475,ID
14/10/2019,MARGIN CALL,319228041,EOD
14/10/2019,VAR MARGIN PAID,1065793430,EOD
11/10/2019,MARGIN CALL,1447178554,ID
11/10/2019,VAR MARGIN PAID,4538168115,EOD
11/10/2019,MARGIN CALL,482978134,EOD
10/10/2019,MARGIN CALL,564882741,EOD
10/10/2019,VAR MARGIN PAID,4400410992,EOD
10/10/2019,MARGIN CALL,905486864,ID
09/10/2019,MARGIN CALL,392452364,EOD
09/10/2019,MARGIN CALL,352872006,ID
09/10/2019,VAR MARGIN PAID,2006796331,EOD
08/10/2019,VAR MARGIN PAID,1630965884,EOD
08/10/2019,MARGIN CALL,249031586,ID
08/10/2019,MARGIN CALL,480724884,EOD
07/10/2019,MARGIN CALL,247659655,EOD
07/10/2019,MARGIN CALL,334556718,ID
07/10/2019,VAR MARGIN PAID,1226516156,EOD
04/10/2019,MARGIN CALL,124168913,ID
04/10/2019,VAR MARGIN PAID,962898356,EOD
04/10/2019,MARGIN CALL,271905955,EOD
03/10/2019,MARGIN CALL,352958278,ID
03/10/2019,MARGIN CALL,295812686,EOD
03/10/2019,VAR MARGIN PAID,1646666356,EOD
02/10/2019,VAR MARGIN PAID,4008676291,EOD
02/10/2019,MARGIN CALL,715320180,ID
02/10/2019,MARGIN CALL,1085356628,EOD
01/10/2019,VAR MARGIN PAID,1922430950,EOD
01/10/2019,MARGIN CALL,460002180,EOD
01/10/2019,MARGIN CALL,388404386,ID
30/09/2019,MARGIN CALL,347496805,EOD
30/09/2019,MARGIN CALL,106846634,ID
30/09/2019,VAR MARGIN PAID,1177804495,EOD
27/09/2019,MARGIN CALL,1031468722,EOD
27/09/2019,MARGIN CALL,307211706,ID
27/09/2019,VAR MARGIN PAID,1067603511,EOD
26/09/2019,VAR MARGIN PAID,1170638081,EOD
26/09/2019,MARGIN CALL,736478250,EOD
26/09/2019,MARGIN CALL,306525416,ID
25/09/2019,MARGIN CALL,452064778,EOD
25/09/2019,MARGIN CALL,626402725,ID
25/09/2019,VAR MARGIN PAID,1418229153,EOD
24/09/2019,MARGIN CALL,129500000,ID
24/09/2019,MARGIN CALL,298644229,EOD
24/09/2019,VAR MARGIN PAID,1066022458,EOD
23/09/2019,VAR MARGIN PAID,3433629833,EOD
23/09/2019,MARGIN CALL,364123536,EOD
23/09/2019,MARGIN CALL,987103947,ID
20/09/2019,MARGIN CALL,517922937,ID
20/09/2019,VAR MARGIN PAID,1206428543,EOD
20/09/2019,MARGIN CALL,1452561204,EOD
19/09/2019,MARGIN CALL,574291452,ID
19/09/2019,VAR MARGIN PAID,1087685534,EOD
19/09/2019,MARGIN CALL,543965294,EOD
18/09/2019,VAR MARGIN PAID,1739281736,EOD
18/09/2019,MARGIN CALL,345994944,ID
18/09/2019,MARGIN CALL,699280793,EOD
17/09/2019,MARGIN CALL,341125249,ID
17/09/2019,VAR MARGIN PAID,1072012015,EOD
17/09/2019,MARGIN CALL,860124039,EOD
16/09/2019,MARGIN CALL,455182933,EOD
16/09/2019,VAR MARGIN PAID,2268858479,EOD
16/09/2019,MARGIN CALL,224489892,ID
13/09/2019,MARGIN CALL,1882775192,ID
13/09/2019,MARGIN CALL,462450640,EOD
13/09/2019,VAR MARGIN PAID,4118754499,EOD
12/09/2019,MARGIN CALL,595427671,EOD
12/09/2019,MARGIN CALL,733324090,ID
12/09/2019,VAR MARGIN PAID,1610882761,EOD
11/09/2019,MARGIN CALL,548845001,ID
11/09/2019,VAR MARGIN PAID,1180883848,EOD
11/09/2019,MARGIN CALL,414648251,EOD
10/09/2019,MARGIN CALL,369891652,EOD
10/09/2019,VAR MARGIN PAID,1059704548,EOD
10/09/2019,MARGIN CALL,191032609,ID
09/09/2019,MARGIN CALL,338954490,ID
09/09/2019,VAR MARGIN PAID,2552221517,EOD
09/09/2019,MARGIN CALL,202230336,EOD
06/09/2019,MARGIN CALL,213100081,ID
06/09/2019,VAR MARGIN PAID,2212163240,EOD
06/09/2019,MARGIN CALL,1288409987,EOD
05/09/2019,MARGIN CALL,359350449,EOD
05/09/2019,MARGIN CALL,1214424637,ID
05/09/2019,VAR MARGIN PAID,4161465818,EOD
04/09/2019,MARGIN CALL,1243494711,ID
04/09/2019,VAR MARGIN PAID,2964569406,EOD
04/09/2019,MARGIN CALL,295027392,EOD
03/09/2019,MARGIN CALL,268106291,ID
03/09/2019,MARGIN CALL,381702731,EOD
03/09/2019,VAR MARGIN PAID,1690350359,EOD
02/09/2019,MARGIN CALL,328003759,EOD
02/09/2019,MARGIN CALL,225000000,ID
02/09/2019,VAR MARGIN PAID,1134419744,EOD
30/08/2019,VAR MARGIN PAID,1124029091,EOD
30/08/2019,MARGIN CALL,202542950,ID
30/08/2019,MARGIN CALL,494664491,EOD
29/08/2019,MARGIN CALL,673156154,ID
29/08/2019,MARGIN CALL,398765959,EOD
29/08/2019,VAR MARGIN PAID,2409475697,EOD
28/08/2019,MARGIN CALL,361815830,EOD
28/08/2019,MARGIN CALL,289643147,ID
28/08/2019,VAR MARGIN PAID,1970101123,EOD
27/08/2019,MARGIN CALL,351163084,EOD
27/08/2019,VAR MARGIN PAID,2150734897,EOD
27/08/2019,MARGIN CALL,227543228,ID
26/08/2019,MARGIN CALL,322757442,EOD
26/08/2019,VAR MARGIN PAID,769426590,EOD
26/08/2019,MARGIN CALL,173883941,ID
23/08/2019,MARGIN CALL,362314225,ID
23/08/2019,MARGIN CALL,342846154,EOD
23/08/2019,VAR MARGIN PAID,1919404821,EOD
22/08/2019,MARGIN CALL,398294379,ID
22/08/2019,MARGIN CALL,212688845,EOD
22/08/2019,VAR MARGIN PAID,2419949692,EOD
21/08/2019,MARGIN CALL,293202234,EOD
21/08/2019,VAR MARGIN PAID,1919460623,EOD
21/08/2019,MARGIN CALL,667561239,ID
20/08/2019,MARGIN CALL,455932493,ID
20/08/2019,MARGIN CALL,150260328,EOD
20/08/2019,VAR MARGIN PAID,1879050316,EOD
19/08/2019,MARGIN CALL,572957990,EOD
19/08/2019,VAR MARGIN PAID,2902973208,EOD
19/08/2019,MARGIN CALL,1218853499,ID
16/08/2019,MARGIN CALL,676956703,ID
16/08/2019,MARGIN CALL,694583373,EOD
16/08/2019,VAR MARGIN PAID,2405321853,EOD
15/08/2019,VAR MARGIN PAID,3165340797,EOD
15/08/2019,MARGIN CALL,772263749,EOD
15/08/2019,MARGIN CALL,631600897,ID
14/08/2019,VAR MARGIN PAID,4688956008,EOD
14/08/2019,MARGIN CALL,770101318,ID
14/08/2019,MARGIN CALL,812862266,EOD
13/08/2019,MARGIN CALL,441280253,ID
13/08/2019,MARGIN CALL,366834635,EOD
13/08/2019,VAR MARGIN PAID,1983332430,EOD
12/08/2019,VAR MARGIN PAID,1095104569,EOD
12/08/2019,MARGIN CALL,317055707,ID
12/08/2019,MARGIN CALL,546397337,EOD
09/08/2019,MARGIN CALL,480645451,ID
09/08/2019,MARGIN CALL,525613218,EOD
09/08/2019,VAR MARGIN PAID,2056303635,EOD
08/08/2019,MARGIN CALL,1657721315,ID
08/08/2019,VAR MARGIN PAID,3523687717,EOD
08/08/2019,MARGIN CALL,564238390,EOD
07/08/2019,MARGIN CALL,784600766,EOD
07/08/2019,VAR MARGIN PAID,2546784749,EOD
07/08/2019,MARGIN CALL,770136257,ID
06/08/2019,MARGIN CALL,249631162,ID
06/08/2019,VAR MARGIN PAID,1198970614,EOD
06/08/2019,MARGIN CALL,449590548,EOD
05/08/2019,VAR MARGIN PAID,3270047403,EOD
05/08/2019,MARGIN CALL,912204386,EOD
05/08/2019,MARGIN CALL,525653461,ID
02/08/2019,MARGIN CALL,1077237310,EOD
02/08/2019,VAR MARGIN PAID,4941801859,EOD
02/08/2019,MARGIN CALL,1197684714,ID
01/08/2019,VAR MARGIN PAID,1628876086,EOD
01/08/2019,MARGIN CALL,684654050,EOD
01/08/2019,MARGIN CALL,287510601,ID
31/07/2019,MARGIN CALL,352152033,EOD
31/07/2019,MARGIN CALL,183413371,ID
31/07/2019,VAR MARGIN PAID,1314433234,EOD
30/07/2019,MARGIN CALL,418288739,ID
30/07/2019,MARGIN CALL,472712809,EOD
30/07/2019,VAR MARGIN PAID,2293927342,EOD
29/07/2019,MARGIN CALL,219796717,EOD
29/07/2019,MARGIN CALL,102816995,ID
29/07/2019,VAR MARGIN PAID,796041513,EOD
26/07/2019,MARGIN CALL,220299763,ID
26/07/2019,VAR MARGIN PAID,1049669751,EOD
26/07/2019,MARGIN CALL,234775476,EOD
25/07/2019,MARGIN CALL,178778342,EOD
25/07/2019,MARGIN CALL,664234734,ID
25/07/2019,VAR MARGIN PAID,1240652251,EOD
24/07/2019,MARGIN CALL,277309505,EOD
24/07/2019,VAR MARGIN PAID,1368134967,EOD
24/07/2019,MARGIN CALL,219055655,ID
23/07/2019,MARGIN CALL,368783618,EOD
23/07/2019,VAR MARGIN PAID,1859505762,EOD
23/07/2019,MARGIN CALL,1282147230,ID
22/07/2019,MARGIN CALL,538713803,EOD
22/07/2019,MARGIN CALL,166845486,ID
22/07/2019,VAR MARGIN PAID,970916843,EOD
19/07/2019,VAR MARGIN PAID,834513464,EOD
19/07/2019,MARGIN CALL,421532465,EOD
19/07/2019,MARGIN CALL,301013807,ID
18/07/2019,MARGIN CALL,436109964,EOD
18/07/2019,VAR MARGIN PAID,1135309794,EOD
18/07/2019,MARGIN CALL,326278174,ID
17/07/2019,MARGIN CALL,240249630,ID
17/07/2019,VAR MARGIN PAID,1756845478,EOD
17/07/2019,MARGIN CALL,340822468,EOD
16/07/2019,MARGIN CALL,245451289,EOD
16/07/2019,MARGIN CALL,180544997,ID
16/07/2019,VAR MARGIN PAID,827450188,EOD
15/07/2019,MARGIN CALL,293883308,ID
15/07/2019,MARGIN CALL,344192886,EOD
15/07/2019,VAR MARGIN PAID,1727470478,EOD
12/07/2019,MARGIN CALL,227988554,EOD
12/07/2019,MARGIN CALL,338500000,ID
12/07/2019,VAR MARGIN PAID,687738666,EOD
11/07/2019,MARGIN CALL,311238431,EOD
11/07/2019,VAR MARGIN PAID,2005378626,EOD
11/07/2019,MARGIN CALL,348379591,ID
10/07/2019,MARGIN CALL,254506920,EOD
10/07/2019,MARGIN CALL,889737846,ID
10/07/2019,VAR MARGIN PAID,1782348908,EOD
09/07/2019,MARGIN CALL,299946067,EOD
09/07/2019,MARGIN CALL,291779333,ID
09/07/2019,VAR MARGIN PAID,1398986991,EOD
08/07/2019,MARGIN CALL,183000000,ID
08/07/2019,MARGIN CALL,121335391,EOD
08/07/2019,VAR MARGIN PAID,1122823760,EOD
05/07/2019,VAR MARGIN PAID,2298064223,EOD
05/07/2019,MARGIN CALL,675307965,ID
05/07/2019,MARGIN CALL,322345395,EOD
04/07/2019,VAR MARGIN PAID,935577521,EOD
04/07/2019,MARGIN CALL,653230671,EOD
04/07/2019,MARGIN CALL,236978770,ID
03/07/2019,VAR MARGIN PAID,2429805107,EOD
03/07/2019,MARGIN CALL,794012199,ID
03/07/2019,MARGIN CALL,389321768,EOD
02/07/2019,MARGIN CALL,168436997,ID
02/07/2019,MARGIN CALL,281118941,EOD
02/07/2019,VAR MARGIN PAID,650969943,EOD
